;Municipio;Total;Hombres-T;Mujeres-T;Indeterminado-T;Hombres-Cm;Mujeres-Cm;Indeterminado-Cm;Hombres-Cp;Mujeres-Cp;Indeterminado-Cp;Hombres-Rd;Mujeres-Rd;Indeterminado-Rd;Hombres-Si;Mujeres-Si;Indeterminado-Si;Año
1;Total;19193;9901;9292;0;5830;5492;0;564;546;0;3357;3106;0;150;148;0;2008
2;15001 TUNJA;2975;1590;1385;0;1457;1293;0;0;0;0;117;80;0;16;12;0;2008
3;15022 ALMEIDA;20;8;12;0;0;2;0;0;0;0;7;10;0;1;0;0;2008
4;15047 AQUITANIA;303;156;147;0;47;47;0;32;40;0;72;56;0;5;4;0;2008
5;15051 ARCABUCO;84;53;31;0;25;12;0;0;0;0;28;19;0;0;0;0;2008
6;15087 BELÉN;149;68;81;0;40;34;0;2;9;0;26;37;0;0;1;0;2008
7;15090 BERBEO;21;8;13;0;4;2;0;0;0;0;4;11;0;0;0;0;2008
8;15092 BETÉITIVA;32;19;13;0;5;4;0;3;4;0;9;5;0;2;0;0;2008
9;15097 BOAVITA;50;25;25;0;7;8;0;5;4;0;13;13;0;0;0;0;2008
10;15104 BOYACÁ;98;50;48;0;6;10;0;0;0;0;43;38;0;1;0;0;2008
11;15106 BRICEÑO;42;21;21;0;6;4;0;0;0;0;15;17;0;0;0;0;2008
12;15109 BUENAVISTA;64;34;30;0;6;4;0;3;1;0;25;24;0;0;1;0;2008
13;15114 BUSBANZÁ;8;5;3;0;2;2;0;0;0;0;3;0;0;0;1;0;2008
14;15131 CALDAS;51;24;27;0;0;2;0;6;12;0;18;13;0;0;0;0;2008
15;15135 CAMPOHERMOSO;31;18;13;0;3;3;0;1;2;0;13;8;0;1;0;0;2008
16;15162 CERINZA;52;26;26;0;12;9;0;0;0;0;14;17;0;0;0;0;2008
17;15172 CHINAVITA;39;18;21;0;7;12;0;0;0;0;10;9;0;1;0;0;2008
18;15176 CHIQUINQUIRÁ;1023;533;490;0;442;418;0;0;4;0;79;56;0;12;12;0;2008
19;15180 CHISCAS;64;35;29;0;11;9;0;6;6;0;17;10;0;1;4;0;2008
20;15183 CHITA;116;56;60;0;11;13;0;16;14;0;28;33;0;1;0;0;2008
21;15185 CHITARAQUE;88;45;43;0;7;4;0;5;8;0;33;31;0;0;0;0;2008
22;15187 CHIVATÁ;45;22;23;0;7;5;0;0;0;0;15;18;0;0;0;0;2008
23;15189 CIÉNEGA;80;44;36;0;7;11;0;0;0;0;35;24;0;2;1;0;2008
24;15204 CÓMBITA;163;84;79;0;11;12;0;15;14;0;58;53;0;0;0;0;2008
25;15212 COPER;52;16;36;0;3;13;0;6;12;0;6;9;0;1;2;0;2008
26;15215 CORRALES;32;12;20;0;11;10;0;0;0;0;1;9;0;0;1;0;2008
27;15218 COVARACHÍA;35;13;22;0;3;8;0;6;9;0;4;5;0;0;0;0;2008
28;15223 CUBARÁ;124;63;61;0;20;28;0;14;4;0;29;28;0;0;1;0;2008
29;15224 CUCAITA;97;53;44;0;19;20;0;0;0;0;31;19;0;3;5;0;2008
30;15226 CUÍTIVA;28;16;12;0;0;1;0;5;4;0;11;7;0;0;0;0;2008
31;15232 CHÍQUIZA;88;46;42;0;6;1;0;19;19;0;19;22;0;2;0;0;2008
32;15236 CHIVOR;23;11;12;0;5;3;0;0;0;0;5;9;0;1;0;0;2008
33;15238 DUITAMA;1889;997;892;0;868;780;0;30;30;0;96;77;0;3;5;0;2008
34;15244 EL COCUY;93;41;52;0;22;19;0;0;0;0;19;33;0;0;0;0;2008
35;15248 EL ESPINO;28;10;18;0;5;8;0;3;5;0;2;5;0;0;0;0;2008
36;15272 FIRAVITOBA;83;44;39;0;17;17;0;0;0;0;27;22;0;0;0;0;2008
37;15276 FLORESTA;42;20;22;0;6;8;0;6;3;0;7;11;0;1;0;0;2008
38;15293 GACHANTIVÁ;42;20;22;0;5;5;0;0;0;0;15;17;0;0;0;0;2008
39;15296 GÁMEZA;98;49;49;0;13;12;0;0;0;0;35;37;0;1;0;0;2008
40;15299 GARAGOA;238;117;121;0;89;95;0;0;0;0;26;25;0;2;1;0;2008
41;15317 GUACAMAYAS;23;15;8;0;4;2;0;3;0;0;7;6;0;1;0;0;2008
42;15322 GUATEQUE;143;69;74;0;52;54;0;10;5;0;7;15;0;0;0;0;2008
43;15325 GUAYATÁ;45;22;23;0;7;9;0;0;0;0;15;13;0;0;1;0;2008
44;15332 GÜICÁN;65;29;36;0;9;15;0;5;2;0;15;19;0;0;0;0;2008
45;15362 IZA;25;10;15;0;2;8;0;0;0;0;7;6;0;1;1;0;2008
46;15367 JENESANO;88;50;38;0;11;5;0;0;3;0;38;30;0;1;0;0;2008
47;15368 JERICÓ;59;31;28;0;5;4;0;2;0;0;23;24;0;1;0;0;2008
48;15377 LABRANZAGRANDE;48;26;22;0;11;5;0;0;0;0;15;17;0;0;0;0;2008
49;15380 LA CAPILLA;25;16;9;0;8;5;0;2;0;0;6;4;0;0;0;0;2008
50;15401 LA VICTORIA;15;5;10;0;4;6;0;0;0;0;0;4;0;1;0;0;2008
51;15403 LA UVITA;49;28;21;0;7;6;0;7;6;0;14;8;0;0;1;0;2008
52;15407 VILLA DE LEYVA;206;110;96;0;60;53;0;6;12;0;40;28;0;4;3;0;2008
53;15425 MACANAL;48;24;24;0;7;8;0;0;2;0;17;14;0;0;0;0;2008
54;15442 MARIPÍ;88;47;41;0;7;2;0;16;12;0;22;25;0;2;2;0;2008
55;15455 MIRAFLORES;142;73;69;0;41;45;0;2;3;0;25;18;0;5;3;0;2008
56;15464 MONGUA;83;38;45;0;19;23;0;5;6;0;12;15;0;2;1;0;2008
57;15466 MONGUÍ;77;38;39;0;20;19;0;0;0;0;16;18;0;2;2;0;2008
58;15469 MONIQUIRÁ;347;167;180;0;87;100;0;2;0;0;77;77;0;1;3;0;2008
59;15476 MOTAVITA;90;48;42;0;4;4;0;3;3;0;41;35;0;0;0;0;2008
60;15480 MUZO;175;91;84;0;55;59;0;0;0;0;31;20;0;5;5;0;2008
61;15491 NOBSA;204;116;88;0;32;25;0;47;32;0;36;31;0;1;0;0;2008
62;15494 NUEVO COLÓN;84;38;46;0;7;9;0;3;6;0;27;29;0;1;2;0;2008
63;15500 OICATÁ;38;20;18;0;4;6;0;0;0;0;16;12;0;0;0;0;2008
64;15507 OTANCHE;145;82;63;0;36;28;0;9;5;0;35;27;0;2;3;0;2008
65;15511 PACHAVITA;38;17;21;0;5;6;0;0;0;0;12;15;0;0;0;0;2008
66;15514 PÁEZ;34;20;14;0;6;7;0;2;2;0;11;5;0;1;0;0;2008
67;15516 PAIPA;473;229;244;0;148;152;0;13;4;0;67;85;0;1;3;0;2008
68;15518 PAJARITO;35;15;20;0;7;10;0;3;2;0;5;7;0;0;1;0;2008
69;15522 PANQUEBA;19;9;10;0;5;4;0;0;0;0;4;5;0;0;1;0;2008
70;15531 PAUNA;100;59;41;0;24;11;0;1;2;0;33;27;0;1;1;0;2008
71;15533 PAYA;16;8;8;0;4;2;0;1;1;0;3;5;0;0;0;0;2008
72;15537 PAZ DE RÍO;79;36;43;0;26;28;0;0;0;0;10;14;0;0;1;0;2008
73;15542 PESCA;116;55;61;0;19;16;0;7;6;0;28;38;0;1;1;0;2008
74;15550 PISBA;23;13;10;0;2;4;0;0;0;0;10;5;0;1;1;0;2008
75;15572 PUERTO BOYACÁ;977;505;472;0;319;307;0;78;75;0;104;86;0;4;4;0;2008
76;15580 QUÍPAMA;44;25;19;0;10;10;0;2;2;0;12;7;0;1;0;0;2008
77;15599 RAMIRIQUÍ;169;88;81;0;26;24;0;9;8;0;51;45;0;2;4;0;2008
78;15600 RÁQUIRA;102;54;48;0;16;15;0;7;3;0;31;30;0;0;0;0;2008
79;15621 RONDÓN;32;22;10;0;2;1;0;1;0;0;17;9;0;2;0;0;2008
80;15632 SABOYÁ;163;84;79;0;10;11;0;24;32;0;50;35;0;0;1;0;2008
81;15638 SÁCHICA;58;27;31;0;11;15;0;0;0;0;16;15;0;0;1;0;2008
82;15646 SAMACÁ;388;203;185;0;56;64;0;8;4;0;136;113;0;3;4;0;2008
83;15660 SAN EDUARDO;19;10;9;0;5;5;0;0;0;0;5;4;0;0;0;0;2008
84;15664 SAN JOSÉ DE PARE;67;40;27;0;5;2;0;0;0;0;34;25;0;1;0;0;2008
85;15667 SAN LUIS DE GACENO;85;47;38;0;14;12;0;5;5;0;26;21;0;2;0;0;2008
86;15673 SAN MATEO;45;23;22;0;10;12;0;0;0;0;13;10;0;0;0;0;2008
87;15676 SAN MIGUEL DE SEMA;58;32;26;0;10;6;0;0;0;0;22;17;0;0;3;0;2008
88;15681 SAN PABLO DE BORBUR;121;60;61;0;9;15;0;17;9;0;30;32;0;4;5;0;2008
89;15686 SANTANA;138;68;70;0;19;18;0;0;0;0;46;52;0;3;0;0;2008
90;15690 SANTA MARÍA;53;31;22;0;21;8;0;0;0;0;9;14;0;1;0;0;2008
91;15693 SANTA ROSA DE VITERBO;148;80;68;0;54;32;0;0;0;0;25;36;0;1;0;0;2008
92;15696 SANTA SOFÍA;39;14;25;0;2;8;0;0;0;0;11;16;0;1;1;0;2008
93;15720 SATIVANORTE;25;14;11;0;6;5;0;0;0;0;8;5;0;0;1;0;2008
94;15723 SATIVASUR;16;9;7;0;3;0;0;0;0;0;6;6;0;0;1;0;2008
95;15740 SIACHOQUE;140;76;64;0;11;4;0;0;0;0;65;60;0;0;0;0;2008
96;15753 SOATÁ;108;65;43;0;48;31;0;5;3;0;12;9;0;0;0;0;2008
97;15755 SOCOTÁ;142;75;67;0;15;13;0;3;7;0;56;46;0;1;1;0;2008
98;15757 SOCHA;149;64;85;0;34;49;0;1;0;0;29;35;0;0;1;0;2008
99;15759 SOGAMOSO;1993;1024;969;0;899;854;0;8;10;0;111;97;0;6;8;0;2008
100;15761 SOMONDOCO;23;14;9;0;3;1;0;0;0;0;11;8;0;0;0;0;2008
101;15762 SORA;30;21;9;0;4;0;0;0;0;0;17;9;0;0;0;0;2008
102;15763 SOTAQUIRÁ;116;57;59;0;4;5;0;1;1;0;50;51;0;2;2;0;2008
103;15764 SORACÁ;97;46;51;0;11;11;0;0;0;0;33;40;0;2;0;0;2008
104;15774 SUSACÓN;31;11;20;0;1;4;0;0;0;0;10;16;0;0;0;0;2008
105;15776 SUTAMARCHÁN;93;54;39;0;19;13;0;0;0;0;34;26;0;1;0;0;2008
106;15778 SUTATENZA;58;23;35;0;5;8;0;0;0;0;17;27;0;1;0;0;2008
107;15790 TASCO;109;52;57;0;13;22;0;0;0;0;39;35;0;0;0;0;2008
108;15798 TENZA;47;22;25;0;8;8;0;0;0;0;14;17;0;0;0;0;2008
109;15804 TIBANÁ;131;61;70;0;10;16;0;8;8;0;42;45;0;1;1;0;2008
110;15806 TIBASOSA;155;74;81;0;24;36;0;5;9;0;43;35;0;2;1;0;2008
111;15808 TINJACÁ;35;20;15;0;2;4;0;0;0;0;17;11;0;1;0;0;2008
112;15810 TIPACOQUE;51;19;32;0;7;10;0;5;12;0;7;10;0;0;0;0;2008
113;15814 TOCA;159;80;79;0;38;44;0;0;0;0;42;35;0;0;0;0;2008
114;15816 TOGÜÍ;90;47;43;0;13;6;0;2;3;0;32;33;0;0;1;0;2008
115;15820 TÓPAGA;63;28;35;0;6;11;0;8;4;0;14;19;0;0;1;0;2008
116;15822 TOTA;108;51;57;0;4;6;0;7;6;0;34;39;0;6;6;0;2008
117;15832 TUNUNGUÁ;19;5;14;0;3;5;0;0;0;0;2;9;0;0;0;0;2008
118;15835 TURMEQUÉ;116;68;48;0;21;10;0;0;0;0;46;38;0;1;0;0;2008
119;15837 TUTA;94;49;45;0;10;13;0;1;2;0;36;27;0;2;3;0;2008
120;15839 TUTAZÁ;30;17;13;0;1;2;0;1;2;0;15;9;0;0;0;0;2008
121;15842 UMBITA;94;46;48;0;13;13;0;0;0;0;32;35;0;1;0;0;2008
122;15861 VENTAQUEMADA;236;128;108;0;27;24;0;26;23;0;73;60;0;2;1;0;2008
123;15879 VIRACACHÁ;22;12;10;0;0;3;0;0;0;0;12;7;0;0;0;0;2008
124;15897 ZETAQUIRA;59;29;30;0;8;8;0;0;0;0;20;22;0;1;0;0;2008
125;15999 SIN INFORMACIÓN;13;3;10;0;0;0;0;0;0;0;0;0;0;3;10;0;2008
126;Total;18691;9685;9006;0;5710;5317;0;663;617;0;3160;2969;0;152;103;0;2009
127;15001 TUNJA;2897;1516;1381;0;1402;1308;0;0;0;0;109;65;0;5;8;0;2009
128;15022 ALMEIDA;16;13;3;0;3;1;0;0;0;0;10;2;0;0;0;0;2009
129;15047 AQUITANIA;290;153;137;0;40;43;0;59;40;0;52;51;0;2;3;0;2009
130;15051 ARCABUCO;88;39;49;0;17;18;0;0;0;0;22;31;0;0;0;0;2009
131;15087 BELÉN;123;74;49;0;36;23;0;5;5;0;33;19;0;0;2;0;2009
132;15090 BERBEO;24;16;8;0;4;1;0;0;0;0;12;7;0;0;0;0;2009
133;15092 BETÉITIVA;22;11;11;0;3;5;0;4;4;0;2;2;0;2;0;0;2009
134;15097 BOAVITA;70;31;39;0;12;12;0;3;2;0;16;25;0;0;0;0;2009
135;15104 BOYACÁ;68;32;36;0;5;9;0;0;0;0;27;27;0;0;0;0;2009
136;15106 BRICEÑO;34;24;10;0;12;2;0;0;0;0;11;8;0;1;0;0;2009
137;15109 BUENAVISTA;68;39;29;0;7;5;0;2;0;0;27;24;0;3;0;0;2009
138;15114 BUSBANZÁ;10;5;5;0;1;2;0;0;0;0;4;2;0;0;1;0;2009
139;15131 CALDAS;57;32;25;0;9;5;0;10;7;0;13;13;0;0;0;0;2009
140;15135 CAMPOHERMOSO;38;23;15;0;6;8;0;1;0;0;16;7;0;0;0;0;2009
141;15162 CERINZA;46;31;15;0;15;4;0;0;0;0;16;11;0;0;0;0;2009
142;15172 CHINAVITA;33;21;12;0;4;6;0;0;0;0;17;6;0;0;0;0;2009
143;15176 CHIQUINQUIRÁ;1108;562;546;0;489;456;0;0;0;0;67;87;0;6;3;0;2009
144;15180 CHISCAS;43;24;19;0;4;1;0;3;5;0;17;13;0;0;0;0;2009
145;15183 CHITA;139;74;65;0;12;13;0;18;13;0;43;39;0;1;0;0;2009
146;15185 CHITARAQUE;109;58;51;0;5;9;0;11;7;0;42;35;0;0;0;0;2009
147;15187 CHIVATÁ;38;20;18;0;1;3;0;0;0;0;19;15;0;0;0;0;2009
148;15189 CIÉNEGA;73;35;38;0;5;8;0;0;0;0;26;27;0;4;3;0;2009
149;15204 CÓMBITA;160;82;78;0;11;5;0;43;33;0;28;40;0;0;0;0;2009
150;15212 COPER;39;24;15;0;3;1;0;12;9;0;9;4;0;0;1;0;2009
151;15215 CORRALES;46;30;16;0;18;12;0;0;0;0;12;4;0;0;0;0;2009
152;15218 COVARACHÍA;37;20;17;0;2;2;0;9;10;0;9;5;0;0;0;0;2009
153;15223 CUBARÁ;92;51;41;0;15;13;0;7;13;0;29;15;0;0;0;0;2009
154;15224 CUCAITA;75;39;36;0;11;10;0;0;0;0;27;25;0;1;1;0;2009
155;15226 CUÍTIVA;19;11;8;0;0;0;0;2;3;0;9;5;0;0;0;0;2009
156;15232 CHÍQUIZA;90;45;45;0;6;5;0;20;15;0;19;24;0;0;1;0;2009
157;15236 CHIVOR;34;16;18;0;4;12;0;0;0;0;12;5;0;0;1;0;2009
158;15238 DUITAMA;1756;886;870;0;776;765;0;33;41;0;73;60;0;4;4;0;2009
159;15244 EL COCUY;80;43;37;0;14;17;0;0;0;0;29;20;0;0;0;0;2009
160;15248 EL ESPINO;28;12;16;0;6;6;0;3;4;0;3;6;0;0;0;0;2009
161;15272 FIRAVITOBA;79;40;39;0;18;12;0;0;0;0;21;27;0;1;0;0;2009
162;15276 FLORESTA;37;21;16;0;6;7;0;2;3;0;13;6;0;0;0;0;2009
163;15293 GACHANTIVÁ;50;31;19;0;3;5;0;0;0;0;27;14;0;1;0;0;2009
164;15296 GÁMEZA;94;53;41;0;20;9;0;0;0;0;33;30;0;0;2;0;2009
165;15299 GARAGOA;193;102;91;0;73;69;0;0;0;0;26;22;0;3;0;0;2009
166;15317 GUACAMAYAS;15;9;6;0;2;1;0;1;0;0;6;5;0;0;0;0;2009
167;15322 GUATEQUE;121;62;59;0;53;38;0;0;3;0;8;17;0;1;1;0;2009
168;15325 GUAYATÁ;40;21;19;0;7;5;0;1;0;0;10;13;0;3;1;0;2009
169;15332 GÜICÁN;58;33;25;0;13;13;0;4;0;0;16;12;0;0;0;0;2009
170;15362 IZA;32;12;20;0;5;9;0;0;0;0;6;9;0;1;2;0;2009
171;15367 JENESANO;101;52;49;0;6;8;0;4;3;0;40;38;0;2;0;0;2009
172;15368 JERICÓ;73;39;34;0;11;9;0;1;0;0;25;25;0;2;0;0;2009
173;15377 LABRANZAGRANDE;54;27;27;0;11;8;0;0;0;0;13;19;0;3;0;0;2009
174;15380 LA CAPILLA;19;11;8;0;3;3;0;0;0;0;7;4;0;1;1;0;2009
175;15401 LA VICTORIA;16;7;9;0;3;2;0;0;1;0;2;4;0;2;2;0;2009
176;15403 LA UVITA;31;18;13;0;6;3;0;3;4;0;9;6;0;0;0;0;2009
177;15407 VILLA DE LEYVA;186;103;83;0;62;49;0;4;3;0;34;31;0;3;0;0;2009
178;15425 MACANAL;43;26;17;0;7;6;0;3;1;0;16;10;0;0;0;0;2009
179;15442 MARIPÍ;86;50;36;0;7;4;0;17;16;0;25;15;0;1;1;0;2009
180;15455 MIRAFLORES;124;71;53;0;42;31;0;2;1;0;25;19;0;2;2;0;2009
181;15464 MONGUA;91;56;35;0;22;19;0;6;2;0;28;13;0;0;1;0;2009
182;15466 MONGUÍ;70;40;30;0;26;19;0;0;0;0;12;11;0;2;0;0;2009
183;15469 MONIQUIRÁ;325;146;179;0;82;93;0;0;0;0;61;86;0;3;0;0;2009
184;15476 MOTAVITA;105;50;55;0;10;10;0;0;4;0;39;41;0;1;0;0;2009
185;15480 MUZO;151;76;75;0;49;48;0;0;0;0;20;25;0;7;2;0;2009
186;15491 NOBSA;203;111;92;0;33;35;0;51;38;0;25;19;0;2;0;0;2009
187;15494 NUEVO COLÓN;64;30;34;0;5;4;0;6;2;0;18;28;0;1;0;0;2009
188;15500 OICATÁ;38;20;18;0;0;4;0;0;0;0;20;14;0;0;0;0;2009
189;15507 OTANCHE;134;70;64;0;32;30;0;5;5;0;32;21;0;1;8;0;2009
190;15511 PACHAVITA;22;13;9;0;5;2;0;0;0;0;7;7;0;1;0;0;2009
191;15514 PÁEZ;40;19;21;0;7;7;0;1;0;0;9;14;0;2;0;0;2009
192;15516 PAIPA;454;233;221;0;139;126;0;13;20;0;80;74;0;1;1;0;2009
193;15518 PAJARITO;17;10;7;0;3;3;0;2;2;0;4;2;0;1;0;0;2009
194;15522 PANQUEBA;18;7;11;0;1;5;0;0;0;0;6;6;0;0;0;0;2009
195;15531 PAUNA;125;66;59;0;20;19;0;0;1;0;44;38;0;2;1;0;2009
196;15533 PAYA;19;9;10;0;4;3;0;1;0;0;3;7;0;1;0;0;2009
197;15537 PAZ DE RÍO;68;34;34;0;20;17;0;0;0;0;14;15;0;0;2;0;2009
198;15542 PESCA;134;77;57;0;27;13;0;16;6;0;32;37;0;2;1;0;2009
199;15550 PISBA;26;12;14;0;2;1;0;0;0;0;9;13;0;1;0;0;2009
200;15572 PUERTO BOYACÁ;959;499;460;0;302;282;0;96;95;0;95;78;0;6;5;0;2009
201;15580 QUÍPAMA;54;31;23;0;11;8;0;4;2;0;16;13;0;0;0;0;2009
202;15599 RAMIRIQUÍ;130;68;62;0;18;17;0;7;8;0;41;35;0;2;2;0;2009
203;15600 RÁQUIRA;100;51;49;0;17;23;0;3;2;0;26;24;0;5;0;0;2009
204;15621 RONDÓN;34;17;17;0;4;2;0;0;0;0;13;15;0;0;0;0;2009
205;15632 SABOYÁ;152;71;81;0;5;5;0;26;30;0;38;46;0;2;0;0;2009
206;15638 SÁCHICA;56;27;29;0;11;13;0;0;0;0;16;16;0;0;0;0;2009
207;15646 SAMACÁ;390;195;195;0;62;54;0;19;18;0;110;119;0;4;4;0;2009
208;15660 SAN EDUARDO;15;4;11;0;0;5;0;0;0;0;4;6;0;0;0;0;2009
209;15664 SAN JOSÉ DE PARE;70;35;35;0;10;10;0;0;0;0;24;25;0;1;0;0;2009
210;15667 SAN LUIS DE GACENO;71;37;34;0;13;14;0;4;3;0;20;17;0;0;0;0;2009
211;15673 SAN MATEO;60;32;28;0;17;15;0;0;0;0;15;13;0;0;0;0;2009
212;15676 SAN MIGUEL DE SEMA;49;26;23;0;2;3;0;0;0;0;23;20;0;1;0;0;2009
213;15681 SAN PABLO DE BORBUR;91;48;43;0;10;6;0;13;10;0;24;23;0;1;4;0;2009
214;15686 SANTANA;118;53;65;0;12;22;0;0;0;0;38;43;0;3;0;0;2009
215;15690 SANTA MARÍA;43;25;18;0;18;9;0;0;0;0;6;9;0;1;0;0;2009
216;15693 SANTA ROSA DE VITERBO;143;69;74;0;45;50;0;0;0;0;23;23;0;1;1;0;2009
217;15696 SANTA SOFÍA;38;22;16;0;7;6;0;0;0;0;15;10;0;0;0;0;2009
218;15720 SATIVANORTE;33;17;16;0;8;4;0;0;1;0;8;11;0;1;0;0;2009
219;15723 SATIVASUR;9;3;6;0;2;3;0;0;0;0;1;3;0;0;0;0;2009
220;15740 SIACHOQUE;156;98;58;0;21;7;0;0;0;0;77;50;0;0;1;0;2009
221;15753 SOATÁ;126;59;67;0;36;50;0;4;5;0;18;12;0;1;0;0;2009
222;15755 SOCOTÁ;158;71;87;0;16;16;0;4;8;0;50;60;0;1;3;0;2009
223;15757 SOCHA;154;76;78;0;44;55;0;2;0;0;29;21;0;1;2;0;2009
224;15759 SOGAMOSO;2075;1099;976;0;971;848;0;31;32;0;90;93;0;7;3;0;2009
225;15761 SOMONDOCO;27;11;16;0;6;7;0;0;0;0;5;9;0;0;0;0;2009
226;15762 SORA;32;12;20;0;3;3;0;0;0;0;8;17;0;1;0;0;2009
227;15763 SOTAQUIRÁ;114;55;59;0;5;5;0;4;6;0;41;46;0;5;2;0;2009
228;15764 SORACÁ;105;49;56;0;6;10;0;0;0;0;40;44;0;3;2;0;2009
229;15774 SUSACÓN;26;16;10;0;5;2;0;0;0;0;11;8;0;0;0;0;2009
230;15776 SUTAMARCHÁN;53;20;33;0;7;10;0;0;0;0;13;22;0;0;1;0;2009
231;15778 SUTATENZA;36;13;23;0;1;8;0;0;0;0;11;15;0;1;0;0;2009
232;15790 TASCO;110;68;42;0;15;13;0;0;1;0;52;27;0;1;1;0;2009
233;15798 TENZA;51;26;25;0;5;9;0;0;0;0;21;15;0;0;1;0;2009
234;15804 TIBANÁ;92;51;41;0;14;9;0;5;3;0;32;29;0;0;0;0;2009
235;15806 TIBASOSA;151;69;82;0;27;31;0;7;10;0;33;40;0;2;1;0;2009
236;15808 TINJACÁ;24;14;10;0;2;0;0;0;0;0;12;10;0;0;0;0;2009
237;15810 TIPACOQUE;59;34;25;0;9;4;0;11;11;0;14;10;0;0;0;0;2009
238;15814 TOCA;178;82;96;0;37;43;0;0;0;0;45;53;0;0;0;0;2009
239;15816 TOGÜÍ;61;21;40;0;1;5;0;1;4;0;19;31;0;0;0;0;2009
240;15820 TÓPAGA;57;23;34;0;9;9;0;2;8;0;12;17;0;0;0;0;2009
241;15822 TOTA;90;53;37;0;3;4;0;10;4;0;37;25;0;3;4;0;2009
242;15832 TUNUNGUÁ;26;16;10;0;6;2;0;0;0;0;9;7;0;1;1;0;2009
243;15835 TURMEQUÉ;97;56;41;0;16;16;0;0;0;0;39;24;0;1;1;0;2009
244;15837 TUTA;120;66;54;0;16;15;0;1;2;0;48;36;0;1;1;0;2009
245;15839 TUTAZÁ;30;11;19;0;0;2;0;2;5;0;9;11;0;0;1;0;2009
246;15842 UMBITA;104;52;52;0;7;9;0;0;0;0;44;42;0;1;1;0;2009
247;15861 VENTAQUEMADA;233;104;129;0;21;23;0;19;23;0;61;83;0;3;0;0;2009
248;15879 VIRACACHÁ;43;20;23;0;5;3;0;0;0;0;15;18;0;0;2;0;2009
249;15897 ZETAQUIRA;71;43;28;0;18;9;0;0;0;0;24;19;0;1;0;0;2009
250;15999 SIN INFORMACIÓN;11;8;3;0;1;0;0;0;0;0;0;0;0;7;3;0;2009
251;Total;17754;9063;8691;0;5261;5083;0;344;321;0;3436;3260;0;22;27;0;2010
252;15001 Tunja;2710;1400;1310;0;1319;1221;0;1;0;0;80;88;0;0;1;0;2010
253;15022 Almeida;26;13;13;0;4;4;0;0;0;0;9;9;0;0;0;0;2010
254;15047 Aquitania;349;181;168;0;39;49;0;62;47;0;79;72;0;1;0;0;2010
255;15051 Arcabuco;82;38;44;0;15;17;0;0;0;0;23;27;0;0;0;0;2010
256;15087 Belén;107;52;55;0;33;33;0;0;0;0;19;22;0;0;0;0;2010
257;15090 Berbeo;19;9;10;0;2;3;0;0;0;0;7;7;0;0;0;0;2010
258;15092 Betéitiva;13;8;5;0;3;1;0;2;0;0;2;4;0;1;0;0;2010
259;15097 Boavita;65;34;31;0;17;17;0;1;0;0;16;14;0;0;0;0;2010
260;15104 Boyacá;76;42;34;0;8;10;0;0;0;0;34;24;0;0;0;0;2010
261;15106 Briceño;25;16;9;0;4;3;0;0;0;0;12;6;0;0;0;0;2010
262;15109 Buenavista;60;31;29;0;2;3;0;0;0;0;29;26;0;0;0;0;2010
263;15114 Busbanzá;11;5;6;0;0;5;0;0;0;0;5;1;0;0;0;0;2010
264;15131 Caldas;49;26;23;0;2;4;0;2;5;0;22;14;0;0;0;0;2010
265;15135 Campohermoso;34;22;12;0;6;5;0;2;1;0;14;5;0;0;1;0;2010
266;15162 Cerinza;49;32;17;0;15;9;0;0;0;0;17;8;0;0;0;0;2010
267;15172 Chinavita;38;19;19;0;5;8;0;0;0;0;14;11;0;0;0;0;2010
268;15176 Chiquinquirá;970;476;494;0;413;410;0;0;0;0;62;84;0;1;0;0;2010
269;15180 Chiscas;54;32;22;0;9;8;0;1;1;0;22;13;0;0;0;0;2010
270;15183 Chita;145;74;71;0;21;17;0;10;7;0;43;47;0;0;0;0;2010
271;15185 Chitaraque;69;38;31;0;6;6;0;5;1;0;27;24;0;0;0;0;2010
272;15187 Chivatá;41;26;15;0;5;2;0;0;0;0;21;13;0;0;0;0;2010
273;15189 Ciénega;63;21;42;0;7;18;0;0;0;0;13;24;0;1;0;0;2010
274;15204 Cómbita;152;77;75;0;6;6;0;18;20;0;53;49;0;0;0;0;2010
275;15212 Coper;44;19;25;0;8;2;0;1;6;0;10;17;0;0;0;0;2010
276;15215 Corrales;34;18;16;0;9;10;0;0;0;0;9;6;0;0;0;0;2010
277;15218 Covarachía;34;17;17;0;3;4;0;1;0;0;13;13;0;0;0;0;2010
278;15223 Cubará;121;64;57;0;23;23;0;11;8;0;30;26;0;0;0;0;2010
279;15224 Cucaita;74;38;36;0;16;9;0;0;0;0;22;27;0;0;0;0;2010
280;15226 Cuítiva;22;9;13;0;0;1;0;1;1;0;8;10;0;0;1;0;2010
281;15232 Chíquiza;86;44;42;0;1;2;0;10;9;0;33;31;0;0;0;0;2010
282;15236 Chivor;30;12;18;0;4;5;0;0;0;0;8;13;0;0;0;0;2010
283;15238 Duitama;1711;890;821;0;786;724;0;10;3;0;94;94;0;0;0;0;2010
284;15244 El Cocuy;86;53;33;0;22;15;0;0;0;0;31;18;0;0;0;0;2010
285;15248 El Espino;40;19;21;0;10;5;0;0;2;0;9;14;0;0;0;0;2010
286;15272 Firavitoba;66;34;32;0;11;13;0;0;0;0;23;18;0;0;1;0;2010
287;15276 Floresta;36;18;18;0;4;6;0;1;0;0;13;12;0;0;0;0;2010
288;15293 Gachantivá;43;26;17;0;5;0;0;0;0;0;21;17;0;0;0;0;2010
289;15296 Gámeza;95;49;46;0;13;11;0;0;0;0;36;35;0;0;0;0;2010
290;15299 Garagoa;192;102;90;0;72;67;0;0;0;0;30;22;0;0;1;0;2010
291;15317 Guacamayas;16;7;9;0;0;5;0;0;0;0;7;4;0;0;0;0;2010
292;15322 Guateque;123;62;61;0;44;45;0;3;1;0;15;14;0;0;1;0;2010
293;15325 Guayatá;35;13;22;0;2;5;0;0;0;0;11;16;0;0;1;0;2010
294;15332 Güicán;63;30;33;0;12;7;0;0;0;0;18;26;0;0;0;0;2010
295;15362 Iza;34;13;21;0;7;15;0;0;0;0;6;6;0;0;0;0;2010
296;15367 Jenesano;86;39;47;0;15;13;0;0;1;0;24;32;0;0;1;0;2010
297;15368 Jericó;70;35;35;0;8;7;0;1;0;0;26;28;0;0;0;0;2010
298;15377 Labranzagrande;50;26;24;0;5;7;0;0;0;0;21;17;0;0;0;0;2010
299;15380 La Capilla;31;13;18;0;5;4;0;0;0;0;7;14;0;1;0;0;2010
300;15401 La Victoria;15;8;7;0;2;1;0;0;1;0;6;5;0;0;0;0;2010
301;15403 La Uvita;28;14;14;0;6;7;0;1;0;0;7;7;0;0;0;0;2010
302;15407 Villa de Leyva;152;81;71;0;42;44;0;3;3;0;36;24;0;0;0;0;2010
303;15425 Macanal;35;15;20;0;3;7;0;0;0;0;12;13;0;0;0;0;2010
304;15442 Maripí;79;41;38;0;9;10;0;4;3;0;28;25;0;0;0;0;2010
305;15455 Miraflores;106;60;46;0;24;22;0;0;0;0;34;21;0;2;3;0;2010
306;15464 Mongua;92;38;54;0;20;23;0;1;2;0;17;29;0;0;0;0;2010
307;15466 Monguí;77;35;42;0;18;22;0;0;0;0;16;20;0;1;0;0;2010
308;15469 Moniquirá;286;137;149;0;66;78;0;0;0;0;70;70;0;1;1;0;2010
309;15476 Motavita;107;54;53;0;10;7;0;1;1;0;43;45;0;0;0;0;2010
310;15480 Muzo;163;83;80;0;48;52;0;0;0;0;35;25;0;0;3;0;2010
311;15491 Nobsa;189;89;100;0;33;43;0;34;38;0;22;19;0;0;0;0;2010
312;15494 Nuevo Colón;70;45;25;0;4;5;0;2;0;0;39;20;0;0;0;0;2010
313;15500 Oicatá;33;14;19;0;4;7;0;0;0;0;10;12;0;0;0;0;2010
314;15507 Otanche;126;64;62;0;27;26;0;2;1;0;35;35;0;0;0;0;2010
315;15511 Pachavita;35;17;18;0;8;6;0;0;0;0;9;12;0;0;0;0;2010
316;15514 Páez;39;22;17;0;11;7;0;2;1;0;9;9;0;0;0;0;2010
317;15516 Paipa;426;228;198;0;131;111;0;5;9;0;91;78;0;1;0;0;2010
318;15518 Pajarito;32;12;20;0;6;10;0;1;2;0;5;8;0;0;0;0;2010
319;15522 Panqueba;18;9;9;0;6;3;0;0;0;0;3;6;0;0;0;0;2010
320;15531 Pauna;107;58;49;0;21;13;0;1;0;0;36;36;0;0;0;0;2010
321;15533 Paya;30;14;16;0;3;7;0;2;3;0;9;6;0;0;0;0;2010
322;15537 Paz de Río;56;31;25;0;22;11;0;0;0;0;9;14;0;0;0;0;2010
323;15542 Pesca;129;74;55;0;17;20;0;7;6;0;50;29;0;0;0;0;2010
324;15550 Pisba;14;5;9;0;0;4;0;0;0;0;5;5;0;0;0;0;2010
325;15572 Puerto Boyacá;845;433;412;0;265;253;0;42;38;0;125;119;0;1;2;0;2010
326;15580 Quípama;68;33;35;0;8;17;0;1;0;0;24;17;0;0;1;0;2010
327;15599 Ramiriquí;151;79;72;0;43;40;0;1;2;0;34;29;0;1;1;0;2010
328;15600 Ráquira;94;46;48;0;16;17;0;1;1;0;29;30;0;0;0;0;2010
329;15621 Rondón;38;22;16;0;8;4;0;0;1;0;13;11;0;1;0;0;2010
330;15632 Saboyá;173;90;83;0;5;8;0;10;5;0;75;70;0;0;0;0;2010
331;15638 Sáchica;63;33;30;0;15;12;0;0;0;0;18;18;0;0;0;0;2010
332;15646 Samacá;394;216;178;0;75;59;0;14;14;0;125;104;0;2;1;0;2010
333;15660 San Eduardo;12;6;6;0;1;1;0;0;0;0;5;4;0;0;1;0;2010
334;15664 San José de Pare;62;29;33;0;3;0;0;0;0;0;26;33;0;0;0;0;2010
335;15667 San Luis de Gaceno;65;38;27;0;16;11;0;3;2;0;19;14;0;0;0;0;2010
336;15673 San Mateo;67;36;31;0;16;12;0;0;0;0;20;19;0;0;0;0;2010
337;15676 San Miguel de Sema;57;29;28;0;1;3;0;0;0;0;28;25;0;0;0;0;2010
338;15681 San Pablo de Borbur;91;36;55;0;9;8;0;4;13;0;23;34;0;0;0;0;2010
339;15686 Santana;101;49;52;0;14;19;0;0;0;0;35;32;0;0;1;0;2010
340;15690 Santa María;56;26;30;0;11;18;0;0;1;0;15;11;0;0;0;0;2010
341;15693 Santa Rosa de Viterbo;136;68;68;0;38;44;0;0;0;0;30;24;0;0;0;0;2010
342;15696 Santa Sofía;46;23;23;0;7;8;0;0;0;0;16;15;0;0;0;0;2010
343;15720 Sativanorte;28;15;13;0;4;6;0;0;0;0;11;7;0;0;0;0;2010
344;15723 Sativasur;19;11;8;0;1;1;0;0;0;0;10;7;0;0;0;0;2010
345;15740 Siachoque;156;78;78;0;10;9;0;0;0;0;68;69;0;0;0;0;2010
346;15753 Soatá;87;43;44;0;31;35;0;0;1;0;12;8;0;0;0;0;2010
347;15755 Socotá;148;68;80;0;17;15;0;0;4;0;50;61;0;1;0;0;2010
348;15757 Socha;132;74;58;0;47;33;0;0;0;0;27;25;0;0;0;0;2010
349;15759 Sogamoso;1836;919;917;0;792;804;0;27;27;0;96;85;0;4;1;0;2010
350;15761 Somondoco;25;13;12;0;5;2;0;0;0;0;7;10;0;1;0;0;2010
351;15762 Sora;35;15;20;0;2;4;0;0;0;0;13;16;0;0;0;0;2010
352;15763 Sotaquirá;110;48;62;0;6;13;0;3;2;0;39;45;0;0;2;0;2010
353;15764 Soracá;113;49;64;0;12;8;0;0;0;0;37;56;0;0;0;0;2010
354;15774 Susacón;24;12;12;0;2;1;0;0;0;0;10;11;0;0;0;0;2010
355;15776 Sutamarchán;75;42;33;0;12;9;0;0;0;0;30;24;0;0;0;0;2010
356;15778 Sutatenza;43;24;19;0;2;2;0;0;0;0;22;17;0;0;0;0;2010
357;15790 Tasco;103;50;53;0;11;18;0;1;0;0;38;35;0;0;0;0;2010
358;15798 Tenza;34;15;19;0;4;4;0;0;0;0;11;15;0;0;0;0;2010
359;15804 Tibaná;103;55;48;0;10;11;0;0;0;0;45;37;0;0;0;0;2010
360;15806 Tibasosa;142;83;59;0;27;29;0;4;1;0;52;29;0;0;0;0;2010
361;15808 Tinjacá;32;17;15;0;5;2;0;0;0;0;12;13;0;0;0;0;2010
362;15810 Tipacoque;59;32;27;0;10;8;0;1;2;0;21;17;0;0;0;0;2010
363;15814 Toca;189;113;76;0;52;33;0;0;0;0;60;43;0;1;0;0;2010
364;15816 Togüí;62;30;32;0;2;5;0;2;3;0;26;24;0;0;0;0;2010
365;15820 Tópaga;55;19;36;0;6;14;0;3;5;0;10;16;0;0;1;0;2010
366;15822 Tota;83;39;44;0;5;4;0;4;5;0;30;35;0;0;0;0;2010
367;15832 Tununguá;9;5;4;0;0;2;0;0;0;0;5;2;0;0;0;0;2010
368;15835 Turmequé;96;55;41;0;17;14;0;0;0;0;38;26;0;0;1;0;2010
369;15837 Tuta;105;54;51;0;15;19;0;0;0;0;39;32;0;0;0;0;2010
370;15839 Tutazá;32;11;21;0;1;1;0;0;3;0;10;17;0;0;0;0;2010
371;15842 Umbita;98;40;58;0;2;5;0;0;0;0;38;53;0;0;0;0;2010
372;15861 Ventaquemada;242;128;114;0;15;17;0;14;8;0;99;89;0;0;0;0;2010
373;15879 Viracachá;25;17;8;0;6;3;0;0;0;0;11;5;0;0;0;0;2010
374;15897 Zetaquira;62;27;35;0;12;8;0;0;0;0;15;27;0;0;0;0;2010
375;15999 Sin Información;0;0;0;0;0;0;0;0;0;0;0;0;0;0;0;0;2010
376;Total;17157;8620;8537;0;4998;4904;0;317;316;0;3303;3315;0;2;2;0;2011
377;15001 Tunja;2663;1299;1364;0;1221;1281;0;2;0;0;76;83;0;0;0;0;2011
378;15022 Almeida;35;18;17;0;11;13;0;0;0;0;7;4;0;0;0;0;2011
379;15047 Aquitania;253;135;118;0;29;39;0;32;25;0;74;54;0;0;0;0;2011
380;15051 Arcabuco;89;47;42;0;14;21;0;0;0;0;33;21;0;0;0;0;2011
381;15087 Belén;108;54;54;0;27;24;0;5;3;0;22;27;0;0;0;0;2011
382;15090 Berbeo;31;12;19;0;5;7;0;0;0;0;7;12;0;0;0;0;2011
383;15092 Betéitiva;18;10;8;0;2;1;0;1;2;0;7;5;0;0;0;0;2011
384;15097 Boavita;49;24;25;0;10;19;0;1;0;0;13;6;0;0;0;0;2011
385;15104 Boyacá;65;33;32;0;7;4;0;0;1;0;26;27;0;0;0;0;2011
386;15106 Briceño;22;9;13;0;6;3;0;0;0;0;3;10;0;0;0;0;2011
387;15109 Buenavista;57;30;27;0;6;6;0;0;2;0;24;19;0;0;0;0;2011
388;15114 Busbanzá;8;1;7;0;0;4;0;0;0;0;1;3;0;0;0;0;2011
389;15131 Caldas;45;26;19;0;2;1;0;1;1;0;23;17;0;0;0;0;2011
390;15135 Campohermoso;24;10;14;0;4;2;0;0;4;0;6;8;0;0;0;0;2011
391;15162 Cerinza;34;12;22;0;3;5;0;4;0;0;5;17;0;0;0;0;2011
392;15172 Chinavita;47;26;21;0;11;9;0;0;0;0;15;12;0;0;0;0;2011
393;15176 Chiquinquirá;951;496;455;0;436;386;0;6;7;0;54;62;0;0;0;0;2011
394;15180 Chiscas;68;31;37;0;10;14;0;3;2;0;18;21;0;0;0;0;2011
395;15183 Chita;139;66;73;0;11;16;0;3;9;0;52;48;0;0;0;0;2011
396;15185 Chitaraque;67;37;30;0;6;4;0;0;1;0;31;25;0;0;0;0;2011
397;15187 Chivatá;43;18;25;0;3;6;0;1;1;0;14;18;0;0;0;0;2011
398;15189 Ciénega;51;24;27;0;7;11;0;1;1;0;16;15;0;0;0;0;2011
399;15204 Cómbita;138;67;71;0;14;6;0;17;20;0;36;45;0;0;0;0;2011
400;15212 Coper;29;19;10;0;1;1;0;3;2;0;15;7;0;0;0;0;2011
401;15215 Corrales;41;22;19;0;14;9;0;1;0;0;7;10;0;0;0;0;2011
402;15218 Covarachía;33;18;15;0;8;1;0;0;0;0;10;14;0;0;0;0;2011
403;15223 Cubará;81;37;44;0;14;13;0;1;3;0;22;28;0;0;0;0;2011
404;15224 Cucaita;70;33;37;0;7;11;0;0;1;0;26;25;0;0;0;0;2011
405;15226 Cuítiva;16;9;7;0;2;3;0;0;0;0;7;4;0;0;0;0;2011
406;15232 Chíquiza;71;41;30;0;1;1;0;13;7;0;27;22;0;0;0;0;2011
407;15236 Chivor;22;9;13;0;5;5;0;0;0;0;4;8;0;0;0;0;2011
408;15238 Duitama;1605;816;789;0;697;679;0;14;4;0;105;106;0;0;0;0;2011
409;15244 El Cocuy;75;42;33;0;15;11;0;0;0;0;27;22;0;0;0;0;2011
410;15248 El Espino;35;15;20;0;4;12;0;2;1;0;9;7;0;0;0;0;2011
411;15272 Firavitoba;66;39;27;0;14;10;0;1;0;0;24;17;0;0;0;0;2011
412;15276 Floresta;31;18;13;0;4;3;0;2;1;0;12;9;0;0;0;0;2011
413;15293 Gachantivá;31;19;12;0;5;0;0;0;1;0;14;11;0;0;0;0;2011
414;15296 Gámeza;98;55;43;0;12;8;0;0;1;0;43;34;0;0;0;0;2011
415;15299 Garagoa;185;95;90;0;76;66;0;0;0;0;19;24;0;0;0;0;2011
416;15317 Guacamayas;9;3;6;0;1;2;0;0;0;0;2;4;0;0;0;0;2011
417;15322 Guateque;119;62;57;0;49;45;0;1;0;0;12;12;0;0;0;0;2011
418;15325 Guayatá;27;14;13;0;6;5;0;0;0;0;8;8;0;0;0;0;2011
419;15332 Güicán;45;20;25;0;10;10;0;1;0;0;9;15;0;0;0;0;2011
420;15362 Iza;31;11;20;0;6;9;0;0;0;0;5;11;0;0;0;0;2011
421;15367 Jenesano;76;38;38;0;14;9;0;0;1;0;24;28;0;0;0;0;2011
422;15368 Jericó;63;27;36;0;8;6;0;1;4;0;18;26;0;0;0;0;2011
423;15377 Labranzagrande;43;28;15;0;7;7;0;0;0;0;21;7;0;0;1;0;2011
424;15380 La Capilla;22;12;10;0;4;2;0;0;0;0;8;8;0;0;0;0;2011
425;15401 La Victoria;10;3;7;0;0;1;0;0;2;0;3;4;0;0;0;0;2011
426;15403 La Uvita;38;16;22;0;5;8;0;0;1;0;11;13;0;0;0;0;2011
427;15407 Villa de Leyva;168;87;81;0;48;33;0;2;5;0;37;43;0;0;0;0;2011
428;15425 Macanal;41;21;20;0;5;5;0;0;0;0;16;15;0;0;0;0;2011
429;15442 Maripí;82;38;44;0;7;7;0;3;1;0;28;36;0;0;0;0;2011
430;15455 Miraflores;111;59;52;0;32;35;0;0;0;0;26;16;0;1;1;0;2011
431;15464 Mongua;86;38;48;0;21;27;0;0;2;0;17;19;0;0;0;0;2011
432;15466 Monguí;67;33;34;0;22;23;0;0;1;0;11;10;0;0;0;0;2011
433;15469 Moniquirá;283;124;159;0;68;72;0;1;0;0;55;87;0;0;0;0;2011
434;15476 Motavita;80;39;41;0;3;2;0;2;0;0;34;39;0;0;0;0;2011
435;15480 Muzo;94;43;51;0;25;40;0;1;1;0;17;10;0;0;0;0;2011
436;15491 Nobsa;181;87;94;0;51;48;0;10;11;0;26;35;0;0;0;0;2011
437;15494 Nuevo Colón;73;37;36;0;6;4;0;2;0;0;29;32;0;0;0;0;2011
438;15500 Oicatá;22;14;8;0;2;0;0;0;0;0;12;8;0;0;0;0;2011
439;15507 Otanche;109;61;48;0;19;23;0;3;1;0;39;24;0;0;0;0;2011
440;15511 Pachavita;27;15;12;0;3;3;0;0;0;0;12;9;0;0;0;0;2011
441;15514 Páez;28;13;15;0;8;4;0;0;0;0;5;11;0;0;0;0;2011
442;15516 Paipa;418;215;203;0;131;110;0;7;5;0;77;88;0;0;0;0;2011
443;15518 Pajarito;26;12;14;0;5;4;0;0;1;0;7;9;0;0;0;0;2011
444;15522 Panqueba;14;5;9;0;1;7;0;0;0;0;4;2;0;0;0;0;2011
445;15531 Pauna;98;59;39;0;14;8;0;1;1;0;44;30;0;0;0;0;2011
446;15533 Paya;28;10;18;0;2;4;0;0;1;0;8;13;0;0;0;0;2011
447;15537 Paz de Río;52;33;19;0;20;10;0;1;1;0;12;8;0;0;0;0;2011
448;15542 Pesca;96;51;45;0;13;14;0;0;1;0;38;30;0;0;0;0;2011
449;15550 Pisba;21;11;10;0;3;1;0;0;0;0;8;9;0;0;0;0;2011
450;15572 Puerto Boyacá;1005;501;504;0;289;295;0;58;71;0;154;138;0;0;0;0;2011
451;15580 Quípama;45;18;27;0;7;9;0;1;1;0;10;17;0;0;0;0;2011
452;15599 Ramiriquí;167;77;90;0;30;31;0;7;10;0;40;49;0;0;0;0;2011
453;15600 Ráquira;103;44;59;0;16;24;0;2;0;0;26;35;0;0;0;0;2011
454;15621 Rondón;17;8;9;0;1;4;0;1;0;0;6;5;0;0;0;0;2011
455;15632 Saboyá;175;80;95;0;9;6;0;1;2;0;70;87;0;0;0;0;2011
456;15638 Sáchica;69;31;38;0;17;22;0;0;0;0;14;16;0;0;0;0;2011
457;15646 Samacá;384;185;199;0;48;49;0;13;16;0;124;134;0;0;0;0;2011
458;15660 San Eduardo;21;11;10;0;6;4;0;0;0;0;5;6;0;0;0;0;2011
459;15664 San José de Pare;52;28;24;0;5;2;0;0;0;0;23;22;0;0;0;0;2011
460;15667 San Luis de Gaceno;73;44;29;0;20;14;0;2;0;0;22;15;0;0;0;0;2011
461;15673 San Mateo;43;20;23;0;6;9;0;0;0;0;14;14;0;0;0;0;2011
462;15676 San Miguel de Sema;39;22;17;0;4;3;0;1;0;0;17;14;0;0;0;0;2011
463;15681 San Pablo de Borbur;85;48;37;0;6;4;0;13;6;0;29;27;0;0;0;0;2011
464;15686 Santana;101;57;44;0;13;11;0;0;1;0;44;32;0;0;0;0;2011
465;15690 Santa María;48;22;26;0;10;15;0;0;0;0;12;11;0;0;0;0;2011
466;15693 Santa Rosa de Viterbo;114;62;52;0;37;33;0;1;0;0;24;19;0;0;0;0;2011
467;15696 Santa Sofía;41;17;24;0;8;6;0;0;0;0;9;18;0;0;0;0;2011
468;15720 Sativanorte;20;5;15;0;2;4;0;0;0;0;3;11;0;0;0;0;2011
469;15723 Sativasur;11;5;6;0;4;0;0;0;0;0;1;6;0;0;0;0;2011
470;15740 Siachoque;167;83;84;0;11;11;0;2;2;0;70;71;0;0;0;0;2011
471;15753 Soatá;92;50;42;0;38;29;0;0;0;0;12;13;0;0;0;0;2011
472;15755 Socotá;173;86;87;0;9;15;0;10;7;0;67;65;0;0;0;0;2011
473;15757 Socha;139;63;76;0;28;36;0;1;4;0;34;36;0;0;0;0;2011
474;15759 Sogamoso;1815;935;880;0;792;755;0;18;21;0;125;104;0;0;0;0;2011
475;15761 Somondoco;34;24;10;0;10;2;0;0;0;0;14;8;0;0;0;0;2011
476;15762 Sora;58;24;34;0;4;9;0;0;0;0;20;25;0;0;0;0;2011
477;15763 Sotaquirá;103;50;53;0;8;8;0;2;3;0;40;42;0;0;0;0;2011
478;15764 Soracá;109;62;47;0;13;7;0;1;0;0;48;40;0;0;0;0;2011
479;15774 Susacón;35;15;20;0;3;4;0;0;0;0;12;16;0;0;0;0;2011
480;15776 Sutamarchán;84;41;43;0;14;20;0;2;0;0;25;23;0;0;0;0;2011
481;15778 Sutatenza;30;10;20;0;1;3;0;0;0;0;9;17;0;0;0;0;2011
482;15790 Tasco;106;54;52;0;14;14;0;1;1;0;39;37;0;0;0;0;2011
483;15798 Tenza;38;17;21;0;4;6;0;0;0;0;13;15;0;0;0;0;2011
484;15804 Tibaná;114;57;57;0;13;13;0;3;1;0;41;43;0;0;0;0;2011
485;15806 Tibasosa;140;72;68;0;31;23;0;2;6;0;39;39;0;0;0;0;2011
486;15808 Tinjacá;28;13;15;0;3;3;0;1;0;0;9;12;0;0;0;0;2011
487;15810 Tipacoque;38;23;15;0;7;5;0;0;0;0;16;10;0;0;0;0;2011
488;15814 Toca;179;96;83;0;38;38;0;3;3;0;55;42;0;0;0;0;2011
489;15816 Togüí;65;26;39;0;5;7;0;0;0;0;21;32;0;0;0;0;2011
490;15820 Tópaga;61;29;32;0;5;4;0;1;3;0;23;25;0;0;0;0;2011
491;15822 Tota;90;51;39;0;5;4;0;3;2;0;43;33;0;0;0;0;2011
492;15832 Tununguá;21;12;9;0;1;1;0;1;0;0;10;8;0;0;0;0;2011
493;15835 Turmequé;80;32;48;0;7;11;0;2;1;0;23;36;0;0;0;0;2011
494;15837 Tuta;105;65;40;0;18;4;0;1;1;0;46;35;0;0;0;0;2011
495;15839 Tutazá;30;19;11;0;1;0;0;1;0;0;17;11;0;0;0;0;2011
496;15842 Umbita;97;47;50;0;7;5;0;0;0;0;40;45;0;0;0;0;2011
497;15861 Ventaquemada;242;114;128;0;13;12;0;12;14;0;89;102;0;0;0;0;2011
498;15879 Viracachá;40;20;20;0;2;2;0;0;0;0;18;18;0;0;0;0;2011
499;15897 Zetaquira;48;33;15;0;12;5;0;0;0;0;21;10;0;0;0;0;2011
500;15999 Sin Información;1;1;0;0;0;0;0;0;0;0;0;0;0;1;0;0;2011
501;Total;16339;8397;7942;0;5006;4745;0;511;505;0;2880;2692;0;0;0;0;2012
502;15001 Tunja;2697;1414;1283;0;1336;1225;0;1;0;0;77;58;0;0;0;0;2012
503;15022 Almeida;19;13;6;0;7;4;0;0;0;0;6;2;0;0;0;0;2012
504;15047 Aquitania;258;128;130;0;27;33;0;44;44;0;57;53;0;0;0;0;2012
505;15051 Arcabuco;76;41;35;0;20;13;0;0;0;0;21;22;0;0;0;0;2012
506;15087 Belén;97;45;52;0;29;33;0;0;1;0;16;18;0;0;0;0;2012
507;15090 Berbeo;8;6;2;0;0;0;0;1;0;0;5;2;0;0;0;0;2012
508;15092 Betéitiva;15;7;8;0;0;1;0;5;4;0;2;3;0;0;0;0;2012
509;15097 Boavita;39;20;19;0;10;8;0;3;4;0;7;7;0;0;0;0;2012
510;15104 Boyacá;90;47;43;0;10;12;0;0;0;0;37;31;0;0;0;0;2012
511;15106 Briceño;19;12;7;0;3;4;0;0;0;0;9;3;0;0;0;0;2012
512;15109 Buenavista;42;28;14;0;5;4;0;0;0;0;23;10;0;0;0;0;2012
513;15114 Busbanzá;7;5;2;0;1;1;0;0;0;0;4;1;0;0;0;0;2012
514;15131 Caldas;42;21;21;0;4;5;0;12;10;0;5;6;0;0;0;0;2012
515;15135 Campohermoso;26;11;15;0;3;3;0;1;0;0;7;12;0;0;0;0;2012
516;15162 Cerinza;32;13;19;0;7;11;0;0;0;0;6;8;0;0;0;0;2012
517;15172 Chinavita;32;19;13;0;3;3;0;0;0;0;16;10;0;0;0;0;2012
518;15176 Chiquinquirá;908;468;440;0;412;374;0;5;8;0;51;58;0;0;0;0;2012
519;15180 Chiscas;28;18;10;0;2;2;0;3;1;0;13;7;0;0;0;0;2012
520;15183 Chita;146;80;66;0;18;10;0;25;19;0;37;37;0;0;0;0;2012
521;15185 Chitaraque;91;53;38;0;8;8;0;0;0;0;45;30;0;0;0;0;2012
522;15187 Chivatá;47;20;27;0;2;3;0;0;0;0;18;24;0;0;0;0;2012
523;15189 Ciénega;58;26;32;0;8;12;0;0;0;0;18;20;0;0;0;0;2012
524;15204 Cómbita;126;60;66;0;7;6;0;37;42;0;16;18;0;0;0;0;2012
525;15212 Coper;34;14;20;0;5;6;0;2;7;0;7;7;0;0;0;0;2012
526;15215 Corrales;32;17;15;0;11;7;0;0;0;0;6;8;0;0;0;0;2012
527;15218 Covarachía;30;16;14;0;8;4;0;5;6;0;3;4;0;0;0;0;2012
528;15223 Cubará;96;57;39;0;18;18;0;10;9;0;29;12;0;0;0;0;2012
529;15224 Cucaita;56;22;34;0;5;8;0;0;1;0;17;25;0;0;0;0;2012
530;15226 Cuítiva;19;8;11;0;2;2;0;2;1;0;4;8;0;0;0;0;2012
531;15232 Chíquiza;49;24;25;0;1;0;0;6;3;0;17;22;0;0;0;0;2012
532;15236 Chivor;19;9;10;0;2;4;0;0;0;0;7;6;0;0;0;0;2012
533;15238 Duitama;1689;873;816;0;763;712;0;6;16;0;104;88;0;0;0;0;2012
534;15244 El Cocuy;65;33;32;0;13;14;0;0;0;0;20;18;0;0;0;0;2012
535;15248 El Espino;35;18;17;0;11;10;0;1;2;0;6;5;0;0;0;0;2012
536;15272 Firavitoba;72;38;34;0;13;14;0;0;0;0;25;20;0;0;0;0;2012
537;15276 Floresta;30;12;18;0;6;8;0;1;0;0;5;10;0;0;0;0;2012
538;15293 Gachantivá;26;14;12;0;2;7;0;0;0;0;12;5;0;0;0;0;2012
539;15296 Gámeza;78;46;32;0;12;15;0;0;1;0;34;16;0;0;0;0;2012
540;15299 Garagoa;182;91;91;0;76;79;0;0;0;0;15;12;0;0;0;0;2012
541;15317 Guacamayas;10;2;8;0;1;1;0;0;1;0;1;6;0;0;0;0;2012
542;15322 Guateque;125;64;61;0;45;39;0;3;0;0;16;22;0;0;0;0;2012
543;15325 Guayatá;22;9;13;0;2;5;0;0;0;0;7;8;0;0;0;0;2012
544;15332 Güicán;56;26;30;0;6;12;0;4;3;0;16;15;0;0;0;0;2012
545;15362 Iza;23;9;14;0;5;6;0;0;0;0;4;8;0;0;0;0;2012
546;15367 Jenesano;91;46;45;0;12;12;0;3;2;0;31;31;0;0;0;0;2012
547;15368 Jericó;45;25;20;0;5;6;0;1;0;0;19;14;0;0;0;0;2012
548;15377 Labranzagrande;54;28;26;0;8;9;0;0;0;0;20;17;0;0;0;0;2012
549;15380 La Capilla;30;17;13;0;7;7;0;0;0;0;10;6;0;0;0;0;2012
550;15401 La Victoria;14;7;7;0;1;2;0;1;2;0;5;3;0;0;0;0;2012
551;15403 La Uvita;24;7;17;0;3;6;0;2;2;0;2;9;0;0;0;0;2012
552;15407 Villa de Leyva;159;78;81;0;42;43;0;5;5;0;31;33;0;0;0;0;2012
553;15425 Macanal;35;18;17;0;7;2;0;2;1;0;9;14;0;0;0;0;2012
554;15442 Maripí;58;34;24;0;8;2;0;8;5;0;18;17;0;0;0;0;2012
555;15455 Miraflores;107;52;55;0;23;26;0;0;0;0;29;29;0;0;0;0;2012
556;15464 Mongua;66;35;31;0;14;14;0;4;3;0;17;14;0;0;0;0;2012
557;15466 Monguí;80;36;44;0;20;11;0;0;1;0;16;32;0;0;0;0;2012
558;15469 Moniquirá;254;132;122;0;72;64;0;0;0;0;60;58;0;0;0;0;2012
559;15476 Motavita;71;34;37;0;5;5;0;2;2;0;27;30;0;0;0;0;2012
560;15480 Muzo;97;55;42;0;25;21;0;0;0;0;30;21;0;0;0;0;2012
561;15491 Nobsa;213;94;119;0;43;52;0;35;47;0;16;20;0;0;0;0;2012
562;15494 Nuevo Colón;75;42;33;0;11;7;0;1;3;0;30;23;0;0;0;0;2012
563;15500 Oicatá;33;18;15;0;3;1;0;0;0;0;15;14;0;0;0;0;2012
564;15507 Otanche;88;45;43;0;19;21;0;3;4;0;23;18;0;0;0;0;2012
565;15511 Pachavita;21;10;11;0;1;2;0;0;0;0;9;9;0;0;0;0;2012
566;15514 Páez;39;19;20;0;6;6;0;2;1;0;11;13;0;0;0;0;2012
567;15516 Paipa;403;218;185;0;133;111;0;11;6;0;74;68;0;0;0;0;2012
568;15518 Pajarito;23;12;11;0;6;5;0;3;3;0;3;3;0;0;0;0;2012
569;15522 Panqueba;22;10;12;0;4;5;0;0;1;0;6;6;0;0;0;0;2012
570;15531 Pauna;71;34;37;0;12;7;0;1;1;0;21;29;0;0;0;0;2012
571;15533 Paya;16;11;5;0;3;0;0;1;0;0;7;5;0;0;0;0;2012
572;15537 Paz de Río;45;25;20;0;19;17;0;1;0;0;5;3;0;0;0;0;2012
573;15542 Pesca;113;57;56;0;14;14;0;12;9;0;31;33;0;0;0;0;2012
574;15550 Pisba;20;10;10;0;3;2;0;0;0;0;7;8;0;0;0;0;2012
575;15572 Puerto Boyacá;903;441;462;0;266;286;0;58;62;0;117;114;0;0;0;0;2012
576;15580 Quípama;28;17;11;0;8;5;0;0;0;0;9;6;0;0;0;0;2012
577;15599 Ramiriquí;148;74;74;0;24;26;0;3;4;0;47;44;0;0;0;0;2012
578;15600 Ráquira;86;43;43;0;7;18;0;7;6;0;29;19;0;0;0;0;2012
579;15621 Rondón;18;11;7;0;2;0;0;1;0;0;8;7;0;0;0;0;2012
580;15632 Saboyá;158;87;71;0;12;8;0;36;23;0;39;40;0;0;0;0;2012
581;15638 Sáchica;65;29;36;0;12;11;0;0;1;0;17;24;0;0;0;0;2012
582;15646 Samacá;359;195;164;0;55;46;0;41;29;0;99;89;0;0;0;0;2012
583;15660 San Eduardo;9;5;4;0;1;2;0;0;0;0;4;2;0;0;0;0;2012
584;15664 San José de Pare;63;33;30;0;4;4;0;0;0;0;29;26;0;0;0;0;2012
585;15667 San Luis de Gaceno;62;36;26;0;16;14;0;2;3;0;18;9;0;0;0;0;2012
586;15673 San Mateo;41;21;20;0;8;6;0;0;0;0;13;14;0;0;0;0;2012
587;15676 San Miguel de Sema;49;24;25;0;3;8;0;0;0;0;21;17;0;0;0;0;2012
588;15681 San Pablo de Borbur;71;31;40;0;3;8;0;14;14;0;14;18;0;0;0;0;2012
589;15686 Santana;86;53;33;0;11;7;0;1;0;0;41;26;0;0;0;0;2012
590;15690 Santa María;40;22;18;0;15;15;0;0;0;0;7;3;0;0;0;0;2012
591;15693 Santa Rosa de Viterbo;122;59;63;0;28;39;0;2;2;0;29;22;0;0;0;0;2012
592;15696 Santa Sofía;28;13;15;0;6;5;0;0;0;0;7;10;0;0;0;0;2012
593;15720 Sativanorte;28;15;13;0;5;3;0;0;1;0;10;9;0;0;0;0;2012
594;15723 Sativasur;12;4;8;0;1;0;0;0;0;0;3;8;0;0;0;0;2012
595;15740 Siachoque;149;83;66;0;9;15;0;0;1;0;74;50;0;0;0;0;2012
596;15753 Soatá;98;49;49;0;37;37;0;0;0;0;12;12;0;0;0;0;2012
597;15755 Socotá;119;51;68;0;6;13;0;2;4;0;43;51;0;0;0;0;2012
598;15757 Socha;128;65;63;0;34;27;0;0;2;0;31;34;0;0;0;0;2012
599;15759 Sogamoso;1675;854;821;0;753;711;0;21;23;0;80;87;0;0;0;0;2012
600;15761 Somondoco;14;3;11;0;2;4;0;0;0;0;1;7;0;0;0;0;2012
601;15762 Sora;33;19;14;0;2;3;0;0;0;0;17;11;0;0;0;0;2012
602;15763 Sotaquirá;104;54;50;0;8;5;0;1;2;0;45;43;0;0;0;0;2012
603;15764 Soracá;110;52;58;0;11;20;0;0;0;0;41;38;0;0;0;0;2012
604;15774 Susacón;33;18;15;0;1;5;0;0;0;0;17;10;0;0;0;0;2012
605;15776 Sutamarchán;60;33;27;0;10;9;0;1;0;0;22;18;0;0;0;0;2012
606;15778 Sutatenza;30;19;11;0;2;1;0;0;0;0;17;10;0;0;0;0;2012
607;15790 Tasco;85;50;35;0;14;8;0;1;1;0;35;26;0;0;0;0;2012
608;15798 Tenza;38;19;19;0;8;8;0;1;0;0;10;11;0;0;0;0;2012
609;15804 Tibaná;101;53;48;0;11;10;0;0;0;0;42;38;0;0;0;0;2012
610;15806 Tibasosa;125;74;51;0;26;16;0;0;2;0;48;33;0;0;0;0;2012
611;15808 Tinjacá;28;11;17;0;2;1;0;0;0;0;9;16;0;0;0;0;2012
612;15810 Tipacoque;42;25;17;0;11;5;0;6;8;0;8;4;0;0;0;0;2012
613;15814 Toca;150;70;80;0;34;34;0;0;1;0;36;45;0;0;0;0;2012
614;15816 Togüí;45;14;31;0;0;3;0;0;0;0;14;28;0;0;0;0;2012
615;15820 Tópaga;57;29;28;0;8;5;0;7;8;0;14;15;0;0;0;0;2012
616;15822 Tota;81;43;38;0;5;5;0;13;5;0;25;28;0;0;0;0;2012
617;15832 Tununguá;18;8;10;0;2;3;0;0;0;0;6;7;0;0;0;0;2012
618;15835 Turmequé;98;57;41;0;21;16;0;1;0;0;35;25;0;0;0;0;2012
619;15837 Tuta;102;48;54;0;13;14;0;2;4;0;33;36;0;0;0;0;2012
620;15839 Tutazá;16;10;6;0;0;1;0;0;0;0;10;5;0;0;0;0;2012
621;15842 Umbita;79;46;33;0;3;4;0;0;0;0;43;29;0;0;0;0;2012
622;15861 Ventaquemada;239;114;125;0;15;15;0;15;18;0;84;92;0;0;0;0;2012
623;15879 Viracachá;33;18;15;0;6;4;0;0;0;0;12;11;0;0;0;0;2012
624;15897 Zetaquira;55;29;26;0;7;6;0;0;0;0;22;20;0;0;0;0;2012
625;15999 Sin Información;0;0;0;0;0;0;0;0;0;0;0;0;0;0;0;0;2012
626;Total;17227;8812;8415;0;5150;4987;0;604;532;0;3058;2896;0;0;0;0;2013
627;15001 Tunja;2684;1328;1356;0;1263;1272;0;2;1;0;63;83;0;0;0;0;2013
628;15022 Almeida;20;12;8;0;4;3;0;0;0;0;8;5;0;0;0;0;2013
629;15047 Aquitania;253;135;118;0;35;34;0;46;42;0;54;42;0;0;0;0;2013
630;15051 Arcabuco;76;29;47;0;14;25;0;0;0;0;15;22;0;0;0;0;2013
631;15087 Belén;99;47;52;0;24;27;0;2;0;0;21;25;0;0;0;0;2013
632;15090 Berbeo;21;9;12;0;2;3;0;0;0;0;7;9;0;0;0;0;2013
633;15092 Betéitiva;17;7;10;0;1;2;0;2;1;0;4;7;0;0;0;0;2013
634;15097 Boavita;50;25;25;0;12;15;0;2;1;0;11;9;0;0;0;0;2013
635;15104 Boyacá;79;40;39;0;13;10;0;0;0;0;27;29;0;0;0;0;2013
636;15106 Briceño;24;11;13;0;3;7;0;1;0;0;7;6;0;0;0;0;2013
637;15109 Buenavista;55;22;33;0;4;3;0;1;0;0;17;30;0;0;0;0;2013
638;15114 Busbanzá;10;6;4;0;2;0;0;0;0;0;4;4;0;0;0;0;2013
639;15131 Caldas;44;22;22;0;1;1;0;4;7;0;17;14;0;0;0;0;2013
640;15135 Campohermoso;40;23;17;0;2;3;0;0;1;0;21;13;0;0;0;0;2013
641;15162 Cerinza;48;25;23;0;10;13;0;0;1;0;15;9;0;0;0;0;2013
642;15172 Chinavita;36;15;21;0;5;10;0;0;0;0;10;11;0;0;0;0;2013
643;15176 Chiquinquirá;991;523;468;0;454;399;0;4;0;0;65;69;0;0;0;0;2013
644;15180 Chiscas;44;23;21;0;6;4;0;0;0;0;17;17;0;0;0;0;2013
645;15183 Chita;134;70;64;0;13;20;0;22;15;0;35;29;0;0;0;0;2013
646;15185 Chitaraque;75;40;35;0;2;6;0;4;8;0;34;21;0;0;0;0;2013
647;15187 Chivatá;39;18;21;0;2;0;0;0;0;0;16;21;0;0;0;0;2013
648;15189 Ciénega;67;34;33;0;8;11;0;0;0;0;26;22;0;0;0;0;2013
649;15204 Cómbita;123;66;57;0;3;8;0;44;31;0;19;18;0;0;0;0;2013
650;15212 Coper;27;17;10;0;3;4;0;7;4;0;7;2;0;0;0;0;2013
651;15215 Corrales;38;25;13;0;16;7;0;0;0;0;9;6;0;0;0;0;2013
652;15218 Covarachía;25;15;10;0;5;3;0;3;3;0;7;4;0;0;0;0;2013
653;15223 Cubará;93;52;41;0;21;19;0;8;1;0;23;21;0;0;0;0;2013
654;15224 Cucaita;69;33;36;0;10;9;0;0;0;0;23;27;0;0;0;0;2013
655;15226 Cuítiva;18;11;7;0;1;0;0;2;2;0;8;5;0;0;0;0;2013
656;15232 Chíquiza;70;30;40;0;1;3;0;12;9;0;17;28;0;0;0;0;2013
657;15236 Chivor;29;19;10;0;10;3;0;0;0;0;9;7;0;0;0;0;2013
658;15238 Duitama;1688;857;831;0;737;711;0;36;39;0;84;81;0;0;0;0;2013
659;15244 El Cocuy;70;29;41;0;11;18;0;0;1;0;18;22;0;0;0;0;2013
660;15248 El Espino;37;22;15;0;7;7;0;5;3;0;10;5;0;0;0;0;2013
661;15272 Firavitoba;61;35;26;0;16;12;0;0;0;0;19;14;0;0;0;0;2013
662;15276 Floresta;41;19;22;0;6;10;0;1;2;0;12;10;0;0;0;0;2013
663;15293 Gachantivá;43;17;26;0;3;6;0;1;2;0;13;18;0;0;0;0;2013
664;15296 Gámeza;119;67;52;0;17;7;0;1;0;0;49;45;0;0;0;0;2013
665;15299 Garagoa;187;101;86;0;78;66;0;0;0;0;23;20;0;0;0;0;2013
666;15317 Guacamayas;18;9;9;0;6;2;0;0;0;0;3;7;0;0;0;0;2013
667;15322 Guateque;114;61;53;0;47;44;0;6;0;0;8;9;0;0;0;0;2013
668;15325 Guayatá;24;7;17;0;0;4;0;0;0;0;7;13;0;0;0;0;2013
669;15332 Güicán;48;25;23;0;7;8;0;2;0;0;16;15;0;0;0;0;2013
670;15362 Iza;38;28;10;0;10;1;0;0;0;0;18;9;0;0;0;0;2013
671;15367 Jenesano;73;39;34;0;13;11;0;4;0;0;22;23;0;0;0;0;2013
672;15368 Jericó;62;36;26;0;6;9;0;2;1;0;28;16;0;0;0;0;2013
673;15377 Labranzagrande;37;17;20;0;6;7;0;0;0;0;11;13;0;0;0;0;2013
674;15380 La Capilla;30;17;13;0;8;5;0;0;0;0;9;8;0;0;0;0;2013
675;15401 La Victoria;11;7;4;0;4;0;0;0;1;0;3;3;0;0;0;0;2013
676;15403 La Uvita;32;14;18;0;7;4;0;4;2;0;3;12;0;0;0;0;2013
677;15407 Villa de Leyva;174;92;82;0;55;51;0;8;3;0;29;28;0;0;0;0;2013
678;15425 Macanal;44;26;18;0;6;6;0;2;0;0;18;12;0;0;0;0;2013
679;15442 Maripí;74;36;38;0;5;6;0;9;11;0;22;21;0;0;0;0;2013
680;15455 Miraflores;116;60;56;0;42;27;0;0;0;0;18;29;0;0;0;0;2013
681;15464 Mongua;71;30;41;0;14;20;0;0;6;0;16;15;0;0;0;0;2013
682;15466 Monguí;76;40;36;0;18;21;0;0;0;0;22;15;0;0;0;0;2013
683;15469 Moniquirá;287;142;145;0;65;60;0;7;8;0;70;77;0;0;0;0;2013
684;15476 Motavita;96;54;42;0;9;7;0;2;1;0;43;34;0;0;0;0;2013
685;15480 Muzo;99;49;50;0;32;24;0;0;0;0;17;26;0;0;0;0;2013
686;15491 Nobsa;188;97;91;0;38;36;0;50;44;0;9;11;0;0;0;0;2013
687;15494 Nuevo Colón;61;30;31;0;6;4;0;2;1;0;22;26;0;0;0;0;2013
688;15500 Oicatá;29;13;16;0;1;6;0;0;0;0;12;10;0;0;0;0;2013
689;15507 Otanche;126;62;64;0;25;28;0;3;7;0;34;29;0;0;0;0;2013
690;15511 Pachavita;24;13;11;0;2;2;0;1;0;0;10;9;0;0;0;0;2013
691;15514 Páez;51;29;22;0;10;8;0;0;0;0;19;14;0;0;0;0;2013
692;15516 Paipa;410;219;191;0;125;113;0;17;21;0;77;57;0;0;0;0;2013
693;15518 Pajarito;42;20;22;0;9;9;0;2;3;0;9;10;0;0;0;0;2013
694;15522 Panqueba;17;8;9;0;4;2;0;0;0;0;4;7;0;0;0;0;2013
695;15531 Pauna;98;57;41;0;17;16;0;1;0;0;39;25;0;0;0;0;2013
696;15533 Paya;18;9;9;0;3;2;0;0;0;0;6;7;0;0;0;0;2013
697;15537 Paz de Río;44;28;16;0;14;10;0;2;1;0;12;5;0;0;0;0;2013
698;15542 Pesca;119;68;51;0;13;11;0;7;9;0;48;31;0;0;0;0;2013
699;15550 Pisba;22;11;11;0;2;0;0;0;0;0;9;11;0;0;0;0;2013
700;15572 Puerto Boyacá;1046;524;522;0;320;339;0;54;40;0;150;143;0;0;0;0;2013
701;15580 Quípama;42;18;24;0;4;9;0;2;4;0;12;11;0;0;0;0;2013
702;15599 Ramiriquí;172;75;97;0;26;37;0;3;5;0;46;55;0;0;0;0;2013
703;15600 Ráquira;90;46;44;0;13;13;0;1;5;0;32;26;0;0;0;0;2013
704;15621 Rondón;25;14;11;0;2;4;0;0;0;0;12;7;0;0;0;0;2013
705;15632 Saboyá;170;79;91;0;4;7;0;19;27;0;56;57;0;0;0;0;2013
706;15638 Sáchica;67;41;26;0;17;9;0;2;0;0;22;17;0;0;0;0;2013
707;15646 Samacá;364;197;167;0;50;49;0;35;37;0;112;81;0;0;0;0;2013
708;15660 San Eduardo;12;5;7;0;4;4;0;0;0;0;1;3;0;0;0;0;2013
709;15664 San José de Pare;46;24;22;0;4;6;0;0;2;0;20;14;0;0;0;0;2013
710;15667 San Luis de Gaceno;78;31;47;0;12;24;0;8;1;0;11;22;0;0;0;0;2013
711;15673 San Mateo;58;28;30;0;16;14;0;0;0;0;12;16;0;0;0;0;2013
712;15676 San Miguel de Sema;38;22;16;0;2;2;0;0;1;0;20;13;0;0;0;0;2013
713;15681 San Pablo de Borbur;66;40;26;0;5;4;0;16;12;0;19;10;0;0;0;0;2013
714;15686 Santana;84;46;38;0;11;12;0;1;1;0;34;25;0;0;0;0;2013
715;15690 Santa María;33;15;18;0;10;10;0;0;0;0;5;8;0;0;0;0;2013
716;15693 Santa Rosa de Viterbo;139;71;68;0;48;41;0;3;0;0;20;27;0;0;0;0;2013
717;15696 Santa Sofía;45;21;24;0;9;6;0;0;0;0;12;18;0;0;0;0;2013
718;15720 Sativanorte;17;6;11;0;2;7;0;0;0;0;4;4;0;0;0;0;2013
719;15723 Sativasur;12;8;4;0;1;2;0;0;0;0;7;2;0;0;0;0;2013
720;15740 Siachoque;162;86;76;0;8;6;0;1;0;0;77;70;0;0;0;0;2013
721;15753 Soatá;114;57;57;0;42;49;0;0;0;0;15;8;0;0;0;0;2013
722;15755 Socotá;127;65;62;0;13;13;0;4;2;0;48;47;0;0;0;0;2013
723;15757 Socha;139;77;62;0;42;35;0;0;0;0;35;27;0;0;0;0;2013
724;15759 Sogamoso;1775;897;878;0;785;753;0;35;33;0;77;92;0;0;0;0;2013
725;15761 Somondoco;25;12;13;0;6;5;0;0;0;0;6;8;0;0;0;0;2013
726;15762 Sora;36;19;17;0;5;3;0;0;0;0;14;14;0;0;0;0;2013
727;15763 Sotaquirá;100;50;50;0;7;9;0;9;2;0;34;39;0;0;0;0;2013
728;15764 Soracá;101;55;46;0;11;10;0;0;0;0;44;36;0;0;0;0;2013
729;15774 Susacón;29;17;12;0;0;2;0;0;0;0;17;10;0;0;0;0;2013
730;15776 Sutamarchán;82;35;47;0;11;13;0;0;0;0;24;34;0;0;0;0;2013
731;15778 Sutatenza;35;19;16;0;6;3;0;0;0;0;13;13;0;0;0;0;2013
732;15790 Tasco;84;45;39;0;12;9;0;1;0;0;32;30;0;0;0;0;2013
733;15798 Tenza;33;24;9;0;13;3;0;0;0;0;11;6;0;0;0;0;2013
734;15804 Tibaná;100;54;46;0;12;8;0;2;1;0;40;37;0;0;0;0;2013
735;15806 Tibasosa;150;88;62;0;33;19;0;9;11;0;46;32;0;0;0;0;2013
736;15808 Tinjacá;41;24;17;0;4;5;0;0;0;0;20;12;0;0;0;0;2013
737;15810 Tipacoque;53;23;30;0;6;8;0;9;13;0;8;9;0;0;0;0;2013
738;15814 Toca;165;87;78;0;40;28;0;0;0;0;47;50;0;0;0;0;2013
739;15816 Togüí;57;31;26;0;6;5;0;2;3;0;23;18;0;0;0;0;2013
740;15820 Tópaga;61;27;34;0;7;10;0;5;5;0;15;19;0;0;0;0;2013
741;15822 Tota;91;55;36;0;8;4;0;7;10;0;40;22;0;0;0;0;2013
742;15832 Tununguá;15;7;8;0;1;0;0;0;0;0;6;8;0;0;0;0;2013
743;15835 Turmequé;85;44;41;0;9;8;0;4;2;0;31;31;0;0;0;0;2013
744;15837 Tuta;99;47;52;0;14;14;0;2;1;0;31;37;0;0;0;0;2013
745;15839 Tutazá;24;11;13;0;3;1;0;2;2;0;6;10;0;0;0;0;2013
746;15842 Umbita;81;39;42;0;5;8;0;0;0;0;34;34;0;0;0;0;2013
747;15861 Ventaquemada;240;123;117;0;14;17;0;26;19;0;83;81;0;0;0;0;2013
748;15879 Viracachá;42;22;20;0;5;5;0;0;0;0;17;15;0;0;0;0;2013
749;15897 Zetaquira;60;29;31;0;8;10;0;1;0;0;20;21;0;0;0;0;2013
750;15999 Sin Información;0;0;0;0;0;0;0;0;0;0;0;0;0;0;0;0;2013
751;Total;15840;8108;7732;0;4884;4741;0;413;413;0;2811;2578;0;0;0;0;2014
752;15001 Tunja;2733;1408;1325;0;1332;1267;0;1;0;0;75;58;0;0;0;0;2014
753;15022 Almeida;4;2;2;0;1;0;0;0;0;0;1;2;0;0;0;0;2014
754;15047 Aquitania;259;140;119;0;37;38;0;45;38;0;58;43;0;0;0;0;2014
755;15051 Arcabuco;75;33;42;0;16;20;0;0;0;0;17;22;0;0;0;0;2014
756;15087 Belén;93;44;49;0;26;23;0;0;1;0;18;25;0;0;0;0;2014
757;15090 Berbeo;18;10;8;0;4;2;0;0;0;0;6;6;0;0;0;0;2014
758;15092 Betéitiva;16;9;7;0;4;1;0;0;1;0;5;5;0;0;0;0;2014
759;15097 Boavita;62;27;35;0;18;14;0;2;3;0;7;18;0;0;0;0;2014
760;15104 Boyacá;63;33;30;0;6;4;0;0;0;0;27;26;0;0;0;0;2014
761;15106 Briceño;17;9;8;0;4;2;0;0;0;0;5;6;0;0;0;0;2014
762;15109 Buenavista;51;26;25;0;3;5;0;0;0;0;23;20;0;0;0;0;2014
763;15114 Busbanzá;7;5;2;0;4;1;0;0;0;0;1;1;0;0;0;0;2014
764;15131 Caldas;23;9;14;0;1;0;0;3;2;0;5;12;0;0;0;0;2014
765;15135 Campohermoso;37;15;22;0;6;1;0;1;2;0;8;19;0;0;0;0;2014
766;15162 Cerinza;30;16;14;0;8;3;0;0;0;0;8;11;0;0;0;0;2014
767;15172 Chinavita;26;6;20;0;3;9;0;0;0;0;3;11;0;0;0;0;2014
768;15176 Chiquinquirá;860;437;423;0;378;370;0;10;6;0;49;47;0;0;0;0;2014
769;15180 Chiscas;50;28;22;0;6;3;0;3;3;0;19;16;0;0;0;0;2014
770;15183 Chita;98;42;56;0;10;10;0;8;16;0;24;30;0;0;0;0;2014
771;15185 Chitaraque;80;45;35;0;9;3;0;1;1;0;35;31;0;0;0;0;2014
772;15187 Chivatá;43;18;25;0;6;2;0;0;0;0;12;23;0;0;0;0;2014
773;15189 Ciénega;41;22;19;0;6;7;0;0;1;0;16;11;0;0;0;0;2014
774;15204 Cómbita;105;46;59;0;9;7;0;18;23;0;19;29;0;0;0;0;2014
775;15212 Coper;25;15;10;0;2;2;0;0;4;0;13;4;0;0;0;0;2014
776;15215 Corrales;37;18;19;0;9;9;0;0;0;0;9;10;0;0;0;0;2014
777;15218 Covarachía;29;15;14;0;4;4;0;6;7;0;5;3;0;0;0;0;2014
778;15223 Cubará;106;64;42;0;28;7;0;5;4;0;31;31;0;0;0;0;2014
779;15224 Cucaita;56;30;26;0;6;4;0;0;1;0;24;21;0;0;0;0;2014
780;15226 Cuítiva;18;12;6;0;0;1;0;1;0;0;11;5;0;0;0;0;2014
781;15232 Chíquiza;41;20;21;0;0;0;0;7;4;0;13;17;0;0;0;0;2014
782;15236 Chivor;20;11;9;0;2;3;0;2;0;0;7;6;0;0;0;0;2014
783;15238 Duitama;1685;848;837;0;729;725;0;16;29;0;103;83;0;0;0;0;2014
784;15244 El Cocuy;60;35;25;0;18;7;0;0;0;0;17;18;0;0;0;0;2014
785;15248 El Espino;28;13;15;0;7;3;0;3;3;0;3;9;0;0;0;0;2014
786;15272 Firavitoba;75;34;41;0;17;19;0;0;0;0;17;22;0;0;0;0;2014
787;15276 Floresta;32;15;17;0;2;5;0;0;0;0;13;12;0;0;0;0;2014
788;15293 Gachantivá;33;16;17;0;5;4;0;1;0;0;10;13;0;0;0;0;2014
789;15296 Gámeza;75;45;30;0;7;7;0;0;0;0;38;23;0;0;0;0;2014
790;15299 Garagoa;150;72;78;0;54;56;0;0;0;0;18;22;0;0;0;0;2014
791;15317 Guacamayas;22;9;13;0;3;4;0;1;3;0;5;6;0;0;0;0;2014
792;15322 Guateque;101;44;57;0;31;41;0;1;3;0;12;13;0;0;0;0;2014
793;15325 Guayatá;24;15;9;0;6;5;0;0;0;0;9;4;0;0;0;0;2014
794;15332 Güicán;39;23;16;0;11;8;0;1;0;0;11;8;0;0;0;0;2014
795;15362 Iza;23;11;12;0;2;3;0;0;0;0;9;9;0;0;0;0;2014
796;15367 Jenesano;66;29;37;0;9;8;0;1;0;0;19;29;0;0;0;0;2014
797;15368 Jericó;39;20;19;0;3;5;0;0;0;0;17;14;0;0;0;0;2014
798;15377 Labranzagrande;35;17;18;0;5;4;0;0;1;0;12;13;0;0;0;0;2014
799;15380 La Capilla;17;12;5;0;4;1;0;0;0;0;8;4;0;0;0;0;2014
800;15401 La Victoria;10;4;6;0;2;1;0;1;1;0;1;4;0;0;0;0;2014
801;15403 La Uvita;32;13;19;0;3;8;0;1;2;0;9;9;0;0;0;0;2014
802;15407 Villa de Leyva;199;107;92;0;53;49;0;7;3;0;47;40;0;0;0;0;2014
803;15425 Macanal;39;25;14;0;7;2;0;1;0;0;17;12;0;0;0;0;2014
804;15442 Maripí;51;28;23;0;4;1;0;11;8;0;13;14;0;0;0;0;2014
805;15455 Miraflores;90;52;38;0;27;28;0;0;0;0;25;10;0;0;0;0;2014
806;15464 Mongua;46;27;19;0;12;9;0;3;4;0;12;6;0;0;0;0;2014
807;15466 Monguí;52;25;27;0;17;13;0;0;0;0;8;14;0;0;0;0;2014
808;15469 Moniquirá;300;157;143;0;76;74;0;0;0;0;81;69;0;0;0;0;2014
809;15476 Motavita;93;52;41;0;6;4;0;2;0;0;44;37;0;0;0;0;2014
810;15480 Muzo;76;33;43;0;19;21;0;0;0;0;14;22;0;0;0;0;2014
811;15491 Nobsa;179;90;89;0;30;30;0;47;45;0;13;14;0;0;0;0;2014
812;15494 Nuevo Colón;56;34;22;0;5;5;0;0;0;0;29;17;0;0;0;0;2014
813;15500 Oicatá;28;20;8;0;4;1;0;0;0;0;16;7;0;0;0;0;2014
814;15507 Otanche;92;43;49;0;17;21;0;7;9;0;19;19;0;0;0;0;2014
815;15511 Pachavita;17;9;8;0;2;3;0;0;0;0;7;5;0;0;0;0;2014
816;15514 Páez;23;13;10;0;5;5;0;0;0;0;8;5;0;0;0;0;2014
817;15516 Paipa;465;236;229;0;128;137;0;11;8;0;97;84;0;0;0;0;2014
818;15518 Pajarito;27;12;15;0;4;8;0;5;6;0;3;1;0;0;0;0;2014
819;15522 Panqueba;15;5;10;0;2;5;0;0;1;0;3;4;0;0;0;0;2014
820;15531 Pauna;64;33;31;0;6;8;0;2;2;0;25;21;0;0;0;0;2014
821;15533 Paya;29;14;15;0;1;5;0;2;0;0;11;10;0;0;0;0;2014
822;15537 Paz de Río;40;22;18;0;14;12;0;1;0;0;7;6;0;0;0;0;2014
823;15542 Pesca;102;51;51;0;13;16;0;7;10;0;31;25;0;0;0;0;2014
824;15550 Pisba;17;8;9;0;1;1;0;1;0;0;6;8;0;0;0;0;2014
825;15572 Puerto Boyacá;900;477;423;0;305;278;0;46;49;0;126;96;0;0;0;0;2014
826;15580 Quípama;39;21;18;0;6;5;0;3;6;0;12;7;0;0;0;0;2014
827;15599 Ramiriquí;133;66;67;0;18;24;0;2;0;0;46;43;0;0;0;0;2014
828;15600 Ráquira;77;55;22;0;8;6;0;7;2;0;40;14;0;0;0;0;2014
829;15621 Rondón;29;15;14;0;3;4;0;0;0;0;12;10;0;0;0;0;2014
830;15632 Saboyá;161;87;74;0;10;6;0;21;22;0;56;46;0;0;0;0;2014
831;15638 Sáchica;62;35;27;0;14;11;0;1;0;0;20;16;0;0;0;0;2014
832;15646 Samacá;320;160;160;0;53;43;0;14;15;0;93;102;0;0;0;0;2014
833;15660 San Eduardo;17;6;11;0;3;8;0;0;0;0;3;3;0;0;0;0;2014
834;15664 San José de Pare;49;31;18;0;3;2;0;0;0;0;28;16;0;0;0;0;2014
835;15667 San Luis de Gaceno;71;27;44;0;11;23;0;3;2;0;13;19;0;0;0;0;2014
836;15673 San Mateo;32;19;13;0;7;9;0;0;0;0;12;4;0;0;0;0;2014
837;15676 San Miguel de Sema;42;17;25;0;2;3;0;0;0;0;15;22;0;0;0;0;2014
838;15681 San Pablo de Borbur;70;31;39;0;5;3;0;8;13;0;18;23;0;0;0;0;2014
839;15686 Santana;88;48;40;0;9;12;0;0;2;0;39;26;0;0;0;0;2014
840;15690 Santa María;24;11;13;0;5;6;0;1;1;0;5;6;0;0;0;0;2014
841;15693 Santa Rosa de Viterbo;106;47;59;0;34;37;0;0;0;0;13;22;0;0;0;0;2014
842;15696 Santa Sofía;30;16;14;0;7;5;0;0;0;0;9;9;0;0;0;0;2014
843;15720 Sativanorte;11;6;5;0;3;1;0;0;0;0;3;4;0;0;0;0;2014
844;15723 Sativasur;8;4;4;0;2;0;0;0;0;0;2;4;0;0;0;0;2014
845;15740 Siachoque;110;61;49;0;6;7;0;1;0;0;54;42;0;0;0;0;2014
846;15753 Soatá;106;49;57;0;40;44;0;0;0;0;9;13;0;0;0;0;2014
847;15755 Socotá;107;55;52;0;19;11;0;0;1;0;36;40;0;0;0;0;2014
848;15757 Socha;105;54;51;0;32;31;0;0;0;0;22;20;0;0;0;0;2014
849;15759 Sogamoso;1776;879;897;0;774;793;0;26;22;0;79;82;0;0;0;0;2014
850;15761 Somondoco;12;6;6;0;3;1;0;0;0;0;3;5;0;0;0;0;2014
851;15762 Sora;26;13;13;0;1;2;0;0;0;0;12;11;0;0;0;0;2014
852;15763 Sotaquirá;105;45;60;0;7;6;0;1;3;0;37;51;0;0;0;0;2014
853;15764 Soracá;92;43;49;0;9;7;0;0;0;0;34;42;0;0;0;0;2014
854;15774 Susacón;16;6;10;0;2;4;0;0;0;0;4;6;0;0;0;0;2014
855;15776 Sutamarchán;60;31;29;0;11;13;0;0;0;0;20;16;0;0;0;0;2014
856;15778 Sutatenza;29;16;13;0;3;3;0;0;0;0;13;10;0;0;0;0;2014
857;15790 Tasco;69;39;30;0;8;8;0;1;0;0;30;22;0;0;0;0;2014
858;15798 Tenza;25;13;12;0;8;6;0;1;0;0;4;6;0;0;0;0;2014
859;15804 Tibaná;96;59;37;0;12;7;0;0;0;0;47;30;0;0;0;0;2014
860;15806 Tibasosa;148;76;72;0;29;22;0;2;2;0;45;48;0;0;0;0;2014
861;15808 Tinjacá;27;15;12;0;2;4;0;0;0;0;13;8;0;0;0;0;2014
862;15810 Tipacoque;38;21;17;0;5;4;0;7;3;0;9;10;0;0;0;0;2014
863;15814 Toca;124;65;59;0;33;26;0;0;0;0;32;33;0;0;0;0;2014
864;15816 Togüí;65;38;27;0;4;2;0;1;0;0;33;25;0;0;0;0;2014
865;15820 Tópaga;50;30;20;0;7;5;0;6;7;0;17;8;0;0;0;0;2014
866;15822 Tota;54;31;23;0;1;2;0;5;3;0;25;18;0;0;0;0;2014
867;15832 Tununguá;24;13;11;0;2;0;0;0;0;0;11;11;0;0;0;0;2014
868;15835 Turmequé;67;35;32;0;8;12;0;0;0;0;27;20;0;0;0;0;2014
869;15837 Tuta;96;51;45;0;10;11;0;2;1;0;39;33;0;0;0;0;2014
870;15839 Tutazá;20;14;6;0;1;0;0;0;1;0;13;5;0;0;0;0;2014
871;15842 Umbita;75;29;46;0;3;9;0;1;2;0;25;35;0;0;0;0;2014
872;15861 Ventaquemada;214;119;95;0;8;12;0;7;1;0;104;82;0;0;0;0;2014
873;15879 Viracachá;25;14;11;0;3;1;0;0;0;0;11;10;0;0;0;0;2014
874;15897 Zetaquira;41;23;18;0;6;8;0;0;0;0;17;10;0;0;0;0;2014
875;15999 Sin Información;0;0;0;0;0;0;0;0;0;0;0;0;0;0;0;0;2014
876;Total;15360;7981;7379;0;4959;4572;0;501;436;0;2521;2371;0;0;0;0;2015
877;15001 Tunja;2772;1432;1340;0;1364;1248;0;1;0;0;67;92;0;0;0;0;2015
878;15022 Almeida;14;8;6;0;2;1;0;0;0;0;6;5;0;0;0;0;2015
879;15047 Aquitania;210;105;105;0;22;34;0;39;34;0;44;37;0;0;0;0;2015
880;15051 Arcabuco;77;46;31;0;17;10;0;1;0;0;28;21;0;0;0;0;2015
881;15087 Belén;106;53;53;0;29;32;0;0;0;0;24;21;0;0;0;0;2015
882;15090 Berbeo;19;9;10;0;2;4;0;0;0;0;7;6;0;0;0;0;2015
883;15092 Betéitiva;16;7;9;0;2;3;0;1;3;0;4;3;0;0;0;0;2015
884;15097 Boavita;42;22;20;0;12;7;0;2;1;0;8;12;0;0;0;0;2015
885;15104 Boyacá;54;29;25;0;6;7;0;0;0;0;23;18;0;0;0;0;2015
886;15106 Briceño;22;14;8;0;5;3;0;0;0;0;9;5;0;0;0;0;2015
887;15109 Buenavista;59;34;25;0;8;5;0;0;1;0;26;19;0;0;0;0;2015
888;15114 Busbanzá;7;3;4;0;3;1;0;0;0;0;0;3;0;0;0;0;2015
889;15131 Caldas;36;23;13;0;2;1;0;13;5;0;8;7;0;0;0;0;2015
890;15135 Campohermoso;23;11;12;0;2;3;0;0;0;0;9;9;0;0;0;0;2015
891;15162 Cerinza;37;18;19;0;5;11;0;0;0;0;13;8;0;0;0;0;2015
892;15172 Chinavita;22;14;8;0;4;1;0;1;0;0;9;7;0;0;0;0;2015
893;15176 Chiquinquirá;731;357;374;0;301;333;0;7;6;0;49;35;0;0;0;0;2015
894;15180 Chiscas;34;17;17;0;2;5;0;1;1;0;14;11;0;0;0;0;2015
895;15183 Chita;108;55;53;0;9;13;0;19;14;0;27;26;0;0;0;0;2015
896;15185 Chitaraque;64;34;30;0;4;5;0;1;0;0;29;25;0;0;0;0;2015
897;15187 Chivatá;29;15;14;0;2;3;0;0;0;0;13;11;0;0;0;0;2015
898;15189 Ciénega;55;27;28;0;7;8;0;0;0;0;20;20;0;0;0;0;2015
899;15204 Cómbita;139;70;69;0;8;14;0;39;25;0;23;30;0;0;0;0;2015
900;15212 Coper;22;13;9;0;2;4;0;6;0;0;5;5;0;0;0;0;2015
901;15215 Corrales;23;11;12;0;4;7;0;0;0;0;7;5;0;0;0;0;2015
902;15218 Covarachía;18;14;4;0;6;1;0;5;2;0;3;1;0;0;0;0;2015
903;15223 Cubará;134;64;70;0;21;23;0;13;9;0;30;38;0;0;0;0;2015
904;15224 Cucaita;48;20;28;0;10;7;0;0;0;0;10;21;0;0;0;0;2015
905;15226 Cuítiva;21;13;8;0;5;1;0;0;2;0;8;5;0;0;0;0;2015
906;15232 Chíquiza;63;31;32;0;5;1;0;3;7;0;23;24;0;0;0;0;2015
907;15236 Chivor;15;11;4;0;4;0;0;0;0;0;7;4;0;0;0;0;2015
908;15238 Duitama;1641;924;717;0;812;637;0;29;21;0;83;59;0;0;0;0;2015
909;15244 El Cocuy;49;25;24;0;10;7;0;0;0;0;15;17;0;0;0;0;2015
910;15248 El Espino;19;10;9;0;1;6;0;2;1;0;7;2;0;0;0;0;2015
911;15272 Firavitoba;74;46;28;0;19;18;0;0;0;0;27;10;0;0;0;0;2015
912;15276 Floresta;28;13;15;0;4;5;0;1;0;0;8;10;0;0;0;0;2015
913;15293 Gachantivá;24;12;12;0;1;3;0;0;0;0;11;9;0;0;0;0;2015
914;15296 Gámeza;50;28;22;0;6;4;0;0;0;0;22;18;0;0;0;0;2015
915;15299 Garagoa;182;99;83;0;84;69;0;1;0;0;14;14;0;0;0;0;2015
916;15317 Guacamayas;18;13;5;0;2;1;0;2;2;0;9;2;0;0;0;0;2015
917;15322 Guateque;93;44;49;0;32;39;0;0;0;0;12;10;0;0;0;0;2015
918;15325 Guayatá;22;9;13;0;2;6;0;0;0;0;7;7;0;0;0;0;2015
919;15332 Güicán;56;23;33;0;3;4;0;7;11;0;13;18;0;0;0;0;2015
920;15362 Iza;23;17;6;0;8;2;0;0;0;0;9;4;0;0;0;0;2015
921;15367 Jenesano;62;25;37;0;4;11;0;1;0;0;20;26;0;0;0;0;2015
922;15368 Jericó;32;17;15;0;4;3;0;1;0;0;12;12;0;0;0;0;2015
923;15377 Labranzagrande;30;18;12;0;7;5;0;0;0;0;11;7;0;0;0;0;2015
924;15380 La Capilla;15;7;8;0;2;4;0;0;0;0;5;4;0;0;0;0;2015
925;15401 La Victoria;4;3;1;0;0;0;0;1;0;0;2;1;0;0;0;0;2015
926;15403 La Uvita;29;14;15;0;6;7;0;1;0;0;7;8;0;0;0;0;2015
927;15407 Villa de Leyva;167;90;77;0;47;45;0;4;5;0;39;27;0;0;0;0;2015
928;15425 Macanal;37;25;12;0;10;1;0;0;1;0;15;10;0;0;0;0;2015
929;15442 Maripí;58;34;24;0;7;3;0;7;9;0;20;12;0;0;0;0;2015
930;15455 Miraflores;89;50;39;0;33;28;0;0;1;0;17;10;0;0;0;0;2015
931;15464 Mongua;62;29;33;0;17;12;0;4;6;0;8;15;0;0;0;0;2015
932;15466 Monguí;56;29;27;0;17;16;0;0;0;0;12;11;0;0;0;0;2015
933;15469 Moniquirá;260;125;135;0;76;66;0;0;0;0;49;69;0;0;0;0;2015
934;15476 Motavita;72;34;38;0;1;10;0;1;0;0;32;28;0;0;0;0;2015
935;15480 Muzo;90;42;48;0;28;32;0;0;0;0;14;16;0;0;0;0;2015
936;15491 Nobsa;189;110;79;0;31;28;0;60;41;0;19;10;0;0;0;0;2015
937;15494 Nuevo Colón;64;31;33;0;7;8;0;0;1;0;24;24;0;0;0;0;2015
938;15500 Oicatá;40;27;13;0;4;1;0;0;0;0;23;12;0;0;0;0;2015
939;15507 Otanche;91;44;47;0;21;19;0;1;3;0;22;25;0;0;0;0;2015
940;15511 Pachavita;18;9;9;0;2;2;0;0;1;0;7;6;0;0;0;0;2015
941;15514 Páez;30;18;12;0;8;6;0;1;0;0;9;6;0;0;0;0;2015
942;15516 Paipa;383;215;168;0;134;100;0;23;16;0;58;52;0;0;0;0;2015
943;15518 Pajarito;23;11;12;0;2;4;0;5;4;0;4;4;0;0;0;0;2015
944;15522 Panqueba;13;8;5;0;5;2;0;0;0;0;3;3;0;0;0;0;2015
945;15531 Pauna;66;31;35;0;11;9;0;0;1;0;20;25;0;0;0;0;2015
946;15533 Paya;20;13;7;0;5;1;0;0;0;0;8;6;0;0;0;0;2015
947;15537 Paz de Río;33;10;23;0;5;17;0;0;1;0;5;5;0;0;0;0;2015
948;15542 Pesca;94;44;50;0;8;6;0;7;4;0;29;40;0;0;0;0;2015
949;15550 Pisba;18;7;11;0;0;3;0;0;0;0;7;8;0;0;0;0;2015
950;15572 Puerto Boyacá;890;451;439;0;306;289;0;50;48;0;95;102;0;0;0;0;2015
951;15580 Quípama;29;15;14;0;6;3;0;1;3;0;8;8;0;0;0;0;2015
952;15599 Ramiriquí;124;60;64;0;24;26;0;3;2;0;33;36;0;0;0;0;2015
953;15600 Ráquira;86;37;49;0;13;19;0;4;1;0;20;29;0;0;0;0;2015
954;15621 Rondón;24;14;10;0;0;1;0;0;0;0;14;9;0;0;0;0;2015
955;15632 Saboyá;133;63;70;0;3;4;0;22;25;0;38;41;0;0;0;0;2015
956;15638 Sáchica;67;34;33;0;15;16;0;0;1;0;19;16;0;0;0;0;2015
957;15646 Samacá;312;168;144;0;54;42;0;19;21;0;95;81;0;0;0;0;2015
958;15660 San Eduardo;15;7;8;0;4;4;0;1;0;0;2;4;0;0;0;0;2015
959;15664 San José de Pare;37;21;16;0;2;4;0;1;0;0;18;12;0;0;0;0;2015
960;15667 San Luis de Gaceno;56;27;29;0;8;16;0;0;0;0;19;13;0;0;0;0;2015
961;15673 San Mateo;39;17;22;0;6;7;0;0;1;0;11;14;0;0;0;0;2015
962;15676 San Miguel de Sema;45;28;17;0;3;5;0;0;0;0;25;12;0;0;0;0;2015
963;15681 San Pablo de Borbur;58;27;31;0;2;4;0;11;9;0;14;18;0;0;0;0;2015
964;15686 Santana;112;48;64;0;18;20;0;0;2;0;30;42;0;0;0;0;2015
965;15690 Santa María;28;15;13;0;11;3;0;0;0;0;4;10;0;0;0;0;2015
966;15693 Santa Rosa de Viterbo;111;49;62;0;27;43;0;0;0;0;22;19;0;0;0;0;2015
967;15696 Santa Sofía;43;23;20;0;9;8;0;0;0;0;14;12;0;0;0;0;2015
968;15720 Sativanorte;16;8;8;0;4;2;0;0;0;0;4;6;0;0;0;0;2015
969;15723 Sativasur;6;5;1;0;1;0;0;0;0;0;4;1;0;0;0;0;2015
970;15740 Siachoque;116;50;66;0;11;12;0;0;0;0;39;54;0;0;0;0;2015
971;15753 Soatá;113;52;61;0;45;48;0;0;0;0;7;13;0;0;0;0;2015
972;15755 Socotá;77;33;44;0;3;3;0;0;2;0;30;39;0;0;0;0;2015
973;15757 Socha;89;50;39;0;30;24;0;0;0;0;20;15;0;0;0;0;2015
974;15759 Sogamoso;1742;901;841;0;796;739;0;35;32;0;70;70;0;0;0;0;2015
975;15761 Somondoco;17;12;5;0;1;1;0;0;0;0;11;4;0;0;0;0;2015
976;15762 Sora;32;18;14;0;3;1;0;0;0;0;15;13;0;0;0;0;2015
977;15763 Sotaquirá;79;43;36;0;4;2;0;4;6;0;35;28;0;0;0;0;2015
978;15764 Soracá;94;51;43;0;15;14;0;0;0;0;36;29;0;0;0;0;2015
979;15774 Susacón;16;6;10;0;0;2;0;0;0;0;6;8;0;0;0;0;2015
980;15776 Sutamarchán;66;33;33;0;10;14;0;0;0;0;23;19;0;0;0;0;2015
981;15778 Sutatenza;31;17;14;0;3;1;0;0;0;0;14;13;0;0;0;0;2015
982;15790 Tasco;63;36;27;0;9;8;0;4;3;0;23;16;0;0;0;0;2015
983;15798 Tenza;23;15;8;0;5;4;0;2;0;0;8;4;0;0;0;0;2015
984;15804 Tibaná;82;43;39;0;6;7;0;0;1;0;37;31;0;0;0;0;2015
985;15806 Tibasosa;124;62;62;0;20;23;0;2;4;0;40;35;0;0;0;0;2015
986;15808 Tinjacá;32;15;17;0;0;3;0;0;0;0;15;14;0;0;0;0;2015
987;15810 Tipacoque;36;20;16;0;10;6;0;6;3;0;4;7;0;0;0;0;2015
988;15814 Toca;166;84;82;0;40;35;0;0;1;0;44;46;0;0;0;0;2015
989;15816 Togüí;40;16;24;0;2;3;0;0;0;0;14;21;0;0;0;0;2015
990;15820 Tópaga;44;27;17;0;7;6;0;5;6;0;15;5;0;0;0;0;2015
991;15822 Tota;56;28;28;0;4;6;0;3;5;0;21;17;0;0;0;0;2015
992;15832 Tununguá;23;12;11;0;4;1;0;0;0;0;8;10;0;0;0;0;2015
993;15835 Turmequé;56;30;26;0;9;7;0;0;0;0;21;19;0;0;0;0;2015
994;15837 Tuta;100;56;44;0;19;18;0;1;0;0;36;26;0;0;0;0;2015
995;15839 Tutazá;30;16;14;0;1;0;0;0;4;0;15;10;0;0;0;0;2015
996;15842 Umbita;64;39;25;0;9;4;0;0;1;0;30;20;0;0;0;0;2015
997;15861 Ventaquemada;208;104;104;0;12;12;0;15;15;0;77;77;0;0;0;0;2015
998;15879 Viracachá;23;13;10;0;2;0;0;0;1;0;11;9;0;0;0;0;2015
999;15897 Zetaquira;43;19;24;0;2;6;0;1;0;0;16;18;0;0;0;0;2015
1000;15999 Sin Información;0;0;0;0;0;0;0;0;0;0;0;0;0;0;0;0;2015
1001;Total;15157;7893;7264;0;4917;4488;0;556;494;0;2420;2282;0;0;0;0;2016
1002;15001 Tunja;2634;1379;1255;0;1319;1191;0;0;0;0;60;64;0;0;0;0;2016
1003;15022 Almeida;17;7;10;0;3;5;0;0;1;0;4;4;0;0;0;0;2016
1004;15047 Aquitania;212;103;109;0;34;34;0;45;38;0;24;37;0;0;0;0;2016
1005;15051 Arcabuco;59;29;30;0;9;9;0;0;0;0;20;21;0;0;0;0;2016
1006;15087 Belén;92;39;53;0;22;30;0;0;0;0;17;23;0;0;0;0;2016
1007;15090 Berbeo;10;3;7;0;2;0;0;0;0;0;1;7;0;0;0;0;2016
1008;15092 Betéitiva;14;10;4;0;2;0;0;8;2;0;0;2;0;0;0;0;2016
1009;15097 Boavita;46;23;23;0;11;15;0;2;1;0;10;7;0;0;0;0;2016
1010;15104 Boyacá;58;30;28;0;6;7;0;0;0;0;24;21;0;0;0;0;2016
1011;15106 Briceño;22;11;11;0;3;6;0;0;0;0;8;5;0;0;0;0;2016
1012;15109 Buenavista;46;23;23;0;3;2;0;0;0;0;20;21;0;0;0;0;2016
1013;15114 Busbanzá;7;2;5;0;0;3;0;0;0;0;2;2;0;0;0;0;2016
1014;15131 Caldas;25;11;14;0;1;2;0;2;6;0;8;6;0;0;0;0;2016
1015;15135 Campohermoso;28;16;12;0;4;4;0;1;2;0;11;6;0;0;0;0;2016
1016;15162 Cerinza;28;14;14;0;9;5;0;0;0;0;5;9;0;0;0;0;2016
1017;15172 Chinavita;42;19;23;0;6;5;0;0;0;0;13;18;0;0;0;0;2016
1018;15176 Chiquinquirá;804;416;388;0;371;332;0;4;8;0;41;48;0;0;0;0;2016
1019;15180 Chiscas;40;19;21;0;6;5;0;3;1;0;10;15;0;0;0;0;2016
1020;15183 Chita;104;60;44;0;16;11;0;15;12;0;29;21;0;0;0;0;2016
1021;15185 Chitaraque;74;34;40;0;4;7;0;1;0;0;29;33;0;0;0;0;2016
1022;15187 Chivatá;31;17;14;0;1;1;0;0;0;0;16;13;0;0;0;0;2016
1023;15189 Ciénega;53;26;27;0;10;8;0;0;0;0;16;19;0;0;0;0;2016
1024;15204 Cómbita;112;53;59;0;6;8;0;30;30;0;17;21;0;0;0;0;2016
1025;15212 Coper;39;20;19;0;2;5;0;8;5;0;10;9;0;0;0;0;2016
1026;15215 Corrales;24;15;9;0;9;6;0;0;0;0;6;3;0;0;0;0;2016
1027;15218 Covarachía;24;12;12;0;4;2;0;4;5;0;4;5;0;0;0;0;2016
1028;15223 Cubará;124;55;69;0;19;20;0;9;15;0;27;34;0;0;0;0;2016
1029;15224 Cucaita;43;24;19;0;9;7;0;0;0;0;15;12;0;0;0;0;2016
1030;15226 Cuítiva;19;13;6;0;0;1;0;2;2;0;11;3;0;0;0;0;2016
1031;15232 Chíquiza;47;24;23;0;0;0;0;10;12;0;14;11;0;0;0;0;2016
1032;15236 Chivor;13;6;7;0;2;4;0;1;0;0;3;3;0;0;0;0;2016
1033;15238 Duitama;1619;863;756;0;751;668;0;32;34;0;80;54;0;0;0;0;2016
1034;15244 El Cocuy;42;21;21;0;7;10;0;0;0;0;14;11;0;0;0;0;2016
1035;15248 El Espino;27;13;14;0;7;7;0;2;4;0;4;3;0;0;0;0;2016
1036;15272 Firavitoba;56;27;29;0;16;9;0;0;0;0;11;20;0;0;0;0;2016
1037;15276 Floresta;29;11;18;0;2;7;0;2;3;0;7;8;0;0;0;0;2016
1038;15293 Gachantivá;31;14;17;0;2;1;0;0;0;0;12;16;0;0;0;0;2016
1039;15296 Gámeza;59;21;38;0;4;11;0;0;0;0;17;27;0;0;0;0;2016
1040;15299 Garagoa;171;90;81;0;71;60;0;0;1;0;19;20;0;0;0;0;2016
1041;15317 Guacamayas;11;7;4;0;2;2;0;2;0;0;3;2;0;0;0;0;2016
1042;15322 Guateque;115;55;60;0;41;41;0;0;2;0;14;17;0;0;0;0;2016
1043;15325 Guayatá;12;6;6;0;1;3;0;0;0;0;5;3;0;0;0;0;2016
1044;15332 Güicán;79;44;35;0;14;13;0;7;4;0;23;18;0;0;0;0;2016
1045;15362 Iza;24;15;9;0;8;3;0;0;0;0;7;6;0;0;0;0;2016
1046;15367 Jenesano;72;40;32;0;10;8;0;2;3;0;28;21;0;0;0;0;2016
1047;15368 Jericó;41;20;21;0;6;7;0;0;2;0;14;12;0;0;0;0;2016
1048;15377 Labranzagrande;33;18;15;0;5;5;0;0;0;0;13;10;0;0;0;0;2016
1049;15380 La Capilla;18;10;8;0;3;5;0;0;0;0;7;3;0;0;0;0;2016
1050;15401 La Victoria;10;5;5;0;3;1;0;1;1;0;1;3;0;0;0;0;2016
1051;15403 La Uvita;26;18;8;0;8;5;0;5;0;0;5;3;0;0;0;0;2016
1052;15407 Villa de Leyva;195;96;99;0;53;57;0;2;5;0;41;37;0;0;0;0;2016
1053;15425 Macanal;29;18;11;0;4;2;0;0;0;0;14;9;0;0;0;0;2016
1054;15442 Maripí;57;29;28;0;3;7;0;9;9;0;17;12;0;0;0;0;2016
1055;15455 Miraflores;81;49;32;0;25;19;0;0;0;0;24;13;0;0;0;0;2016
1056;15464 Mongua;56;34;22;0;15;7;0;6;4;0;13;11;0;0;0;0;2016
1057;15466 Monguí;57;31;26;0;14;13;0;0;0;0;17;13;0;0;0;0;2016
1058;15469 Moniquirá;267;156;111;0;91;61;0;0;0;0;65;50;0;0;0;0;2016
1059;15476 Motavita;78;42;36;0;5;5;0;1;1;0;36;30;0;0;0;0;2016
1060;15480 Muzo;89;41;48;0;29;28;0;1;0;0;11;20;0;0;0;0;2016
1061;15491 Nobsa;204;103;101;0;42;34;0;48;57;0;13;10;0;0;0;0;2016
1062;15494 Nuevo Colón;54;28;26;0;6;2;0;1;1;0;21;23;0;0;0;0;2016
1063;15500 Oicatá;23;10;13;0;1;1;0;0;0;0;9;12;0;0;0;0;2016
1064;15507 Otanche;89;47;42;0;25;19;0;6;7;0;16;16;0;0;0;0;2016
1065;15511 Pachavita;15;12;3;0;2;0;0;0;0;0;10;3;0;0;0;0;2016
1066;15514 Páez;42;22;20;0;9;7;0;2;2;0;11;11;0;0;0;0;2016
1067;15516 Paipa;398;212;186;0;137;115;0;17;14;0;58;57;0;0;0;0;2016
1068;15518 Pajarito;15;6;9;0;1;5;0;2;1;0;3;3;0;0;0;0;2016
1069;15522 Panqueba;13;6;7;0;0;4;0;0;0;0;6;3;0;0;0;0;2016
1070;15531 Pauna;64;26;38;0;9;15;0;1;0;0;16;23;0;0;0;0;2016
1071;15533 Paya;10;3;7;0;0;2;0;0;2;0;3;3;0;0;0;0;2016
1072;15537 Paz de Río;41;26;15;0;21;10;0;0;0;0;5;5;0;0;0;0;2016
1073;15542 Pesca;81;44;37;0;13;11;0;7;2;0;24;24;0;0;0;0;2016
1074;15550 Pisba;25;13;12;0;11;1;0;0;1;0;2;10;0;0;0;0;2016
1075;15572 Puerto Boyacá;780;395;385;0;260;268;0;86;64;0;49;53;0;0;0;0;2016
1076;15580 Quípama;40;17;23;0;7;15;0;1;1;0;9;7;0;0;0;0;2016
1077;15599 Ramiriquí;146;67;79;0;28;30;0;5;0;0;34;49;0;0;0;0;2016
1078;15600 Ráquira;79;41;38;0;19;14;0;2;2;0;20;22;0;0;0;0;2016
1079;15621 Rondón;25;13;12;0;2;1;0;1;1;0;10;10;0;0;0;0;2016
1080;15632 Saboyá;149;81;68;0;4;8;0;30;21;0;47;39;0;0;0;0;2016
1081;15638 Sáchica;68;36;32;0;17;10;0;0;0;0;19;22;0;0;0;0;2016
1082;15646 Samacá;276;145;131;0;39;37;0;19;12;0;87;82;0;0;0;0;2016
1083;15660 San Eduardo;13;8;5;0;6;4;0;0;1;0;2;0;0;0;0;0;2016
1084;15664 San José de Pare;41;18;23;0;4;3;0;0;0;0;14;20;0;0;0;0;2016
1085;15667 San Luis de Gaceno;41;20;21;0;9;14;0;4;1;0;7;6;0;0;0;0;2016
1086;15673 San Mateo;38;21;17;0;11;11;0;0;0;0;10;6;0;0;0;0;2016
1087;15676 San Miguel de Sema;29;18;11;0;5;0;0;0;0;0;13;11;0;0;0;0;2016
1088;15681 San Pablo de Borbur;71;45;26;0;4;2;0;23;9;0;18;15;0;0;0;0;2016
1089;15686 Santana;102;63;39;0;15;14;0;2;0;0;46;25;0;0;0;0;2016
1090;15690 Santa María;29;13;16;0;7;10;0;0;0;0;6;6;0;0;0;0;2016
1091;15693 Santa Rosa de Viterbo;106;57;49;0;37;28;0;0;1;0;20;20;0;0;0;0;2016
1092;15696 Santa Sofía;40;19;21;0;5;11;0;0;0;0;14;10;0;0;0;0;2016
1093;15720 Sativanorte;9;3;6;0;3;3;0;0;0;0;0;3;0;0;0;0;2016
1094;15723 Sativasur;8;4;4;0;2;0;0;0;0;0;2;4;0;0;0;0;2016
1095;15740 Siachoque;128;69;59;0;5;6;0;0;0;0;64;53;0;0;0;0;2016
1096;15753 Soatá;84;40;44;0;29;35;0;0;0;0;11;9;0;0;0;0;2016
1097;15755 Socotá;91;54;37;0;22;5;0;0;0;0;32;32;0;0;0;0;2016
1098;15757 Socha;80;52;28;0;24;14;0;0;0;0;28;14;0;0;0;0;2016
1099;15759 Sogamoso;1787;922;865;0;800;769;0;30;31;0;92;65;0;0;0;0;2016
1100;15761 Somondoco;11;4;7;0;3;1;0;0;0;0;1;6;0;0;0;0;2016
1101;15762 Sora;33;15;18;0;2;4;0;0;0;0;13;14;0;0;0;0;2016
1102;15763 Sotaquirá;93;49;44;0;3;1;0;3;5;0;43;38;0;0;0;0;2016
1103;15764 Soracá;82;42;40;0;15;9;0;0;0;0;27;31;0;0;0;0;2016
1104;15774 Susacón;18;10;8;0;2;4;0;0;0;0;8;4;0;0;0;0;2016
1105;15776 Sutamarchán;60;39;21;0;13;5;0;0;0;0;26;16;0;0;0;0;2016
1106;15778 Sutatenza;28;16;12;0;3;1;0;0;0;0;13;11;0;0;0;0;2016
1107;15790 Tasco;65;34;31;0;8;9;0;4;2;0;22;20;0;0;0;0;2016
1108;15798 Tenza;23;13;10;0;1;4;0;0;0;0;12;6;0;0;0;0;2016
1109;15804 Tibaná;96;52;44;0;7;14;0;0;0;0;45;30;0;0;0;0;2016
1110;15806 Tibasosa;130;68;62;0;23;16;0;4;7;0;41;39;0;0;0;0;2016
1111;15808 Tinjacá;33;17;16;0;5;4;0;0;0;0;12;12;0;0;0;0;2016
1112;15810 Tipacoque;35;22;13;0;5;5;0;7;3;0;10;5;0;0;0;0;2016
1113;15814 Toca;134;64;70;0;25;23;0;0;1;0;39;46;0;0;0;0;2016
1114;15816 Togüí;57;31;26;0;4;3;0;0;0;0;27;23;0;0;0;0;2016
1115;15820 Tópaga;56;31;25;0;7;6;0;6;7;0;18;12;0;0;0;0;2016
1116;15822 Tota;72;34;38;0;8;1;0;5;7;0;21;30;0;0;0;0;2016
1117;15832 Tununguá;22;9;13;0;2;3;0;0;0;0;7;10;0;0;0;0;2016
1118;15835 Turmequé;66;32;34;0;6;8;0;2;0;0;24;26;0;0;0;0;2016
1119;15837 Tuta;117;60;57;0;19;13;0;1;1;0;40;43;0;0;0;0;2016
1120;15839 Tutazá;19;11;8;0;1;0;0;5;0;0;5;8;0;0;0;0;2016
1121;15842 Umbita;59;27;32;0;5;5;0;0;0;0;22;27;0;0;0;0;2016
1122;15861 Ventaquemada;191;99;92;0;12;7;0;15;17;0;72;68;0;0;0;0;2016
1123;15879 Viracachá;19;11;8;0;2;0;0;0;0;0;9;8;0;0;0;0;2016
1124;15897 Zetaquira;29;17;12;0;2;4;0;0;0;0;15;8;0;0;0;0;2016
1125;15999 Sin Información;0;0;0;0;0;0;0;0;0;0;0;0;0;0;0;0;2016
1126;Total;14700;7454;7246;0;4473;4453;0;487;479;0;2494;2314;0;0;0;0;2017
1127;15001 Tunja;2504;1241;1263;0;1169;1202;0;0;0;0;72;61;0;0;0;0;2017
1128;15022 Almeida;17;8;9;0;2;2;0;0;0;0;6;7;0;0;0;0;2017
1129;15047 Aquitania;211;112;99;0;32;28;0;42;40;0;38;31;0;0;0;0;2017
1130;15051 Arcabuco;65;37;28;0;16;8;0;0;0;0;21;20;0;0;0;0;2017
1131;15087 Belén;74;42;32;0;31;22;0;0;0;0;11;10;0;0;0;0;2017
1132;15090 Berbeo;5;2;3;0;1;1;0;0;0;0;1;2;0;0;0;0;2017
1133;15092 Betéitiva;9;5;4;0;0;0;0;4;1;0;1;3;0;0;0;0;2017
1134;15097 Boavita;51;27;24;0;13;16;0;1;3;0;13;5;0;0;0;0;2017
1135;15104 Boyacá;83;48;35;0;14;10;0;0;0;0;34;25;0;0;0;0;2017
1136;15106 Briceño;20;12;8;0;1;5;0;0;0;0;11;3;0;0;0;0;2017
1137;15109 Buenavista;38;20;18;0;5;1;0;0;0;0;15;17;0;0;0;0;2017
1138;15114 Busbanzá;6;3;3;0;1;2;0;0;0;0;2;1;0;0;0;0;2017
1139;15131 Caldas;30;15;15;0;2;1;0;7;10;0;6;4;0;0;0;0;2017
1140;15135 Campohermoso;27;16;11;0;3;1;0;2;0;0;11;10;0;0;0;0;2017
1141;15162 Cerinza;15;9;6;0;3;5;0;0;0;0;6;1;0;0;0;0;2017
1142;15172 Chinavita;27;18;9;0;7;2;0;0;0;0;11;7;0;0;0;0;2017
1143;15176 Chiquinquirá;785;398;387;0;343;327;0;7;11;0;48;49;0;0;0;0;2017
1144;15180 Chiscas;33;17;16;0;5;5;0;0;1;0;12;10;0;0;0;0;2017
1145;15183 Chita;119;62;57;0;12;5;0;17;19;0;33;33;0;0;0;0;2017
1146;15185 Chitaraque;64;35;29;0;7;3;0;0;1;0;28;25;0;0;0;0;2017
1147;15187 Chivatá;50;28;22;0;6;2;0;0;0;0;22;20;0;0;0;0;2017
1148;15189 Ciénega;69;29;40;0;8;10;0;0;0;0;21;30;0;0;0;0;2017
1149;15204 Cómbita;96;51;45;0;3;6;0;38;25;0;10;14;0;0;0;0;2017
1150;15212 Coper;25;14;11;0;2;6;0;1;4;0;11;1;0;0;0;0;2017
1151;15215 Corrales;32;20;12;0;13;7;0;0;0;0;7;5;0;0;0;0;2017
1152;15218 Covarachía;41;24;17;0;6;1;0;6;7;0;12;9;0;0;0;0;2017
1153;15223 Cubará;108;64;44;0;23;10;0;9;10;0;32;24;0;0;0;0;2017
1154;15224 Cucaita;55;29;26;0;4;7;0;0;0;0;25;19;0;0;0;0;2017
1155;15226 Cuítiva;21;11;10;0;4;2;0;2;2;0;5;6;0;0;0;0;2017
1156;15232 Chíquiza;43;29;14;0;0;0;0;13;10;0;16;4;0;0;0;0;2017
1157;15236 Chivor;12;5;7;0;3;0;0;0;0;0;2;7;0;0;0;0;2017
1158;15238 Duitama;1596;815;781;0;692;661;0;26;26;0;97;94;0;0;0;0;2017
1159;15244 El Cocuy;50;28;22;0;16;13;0;0;0;0;12;9;0;0;0;0;2017
1160;15248 El Espino;17;8;9;0;1;7;0;3;0;0;4;2;0;0;0;0;2017
1161;15272 Firavitoba;57;30;27;0;14;10;0;0;0;0;16;17;0;0;0;0;2017
1162;15276 Floresta;24;10;14;0;3;5;0;0;0;0;7;9;0;0;0;0;2017
1163;15293 Gachantivá;28;14;14;0;2;0;0;0;0;0;12;14;0;0;0;0;2017
1164;15296 Gámeza;61;34;27;0;7;5;0;0;0;0;27;22;0;0;0;0;2017
1165;15299 Garagoa;160;70;90;0;58;68;0;0;0;0;12;22;0;0;0;0;2017
1166;15317 Guacamayas;21;9;12;0;3;2;0;1;3;0;5;7;0;0;0;0;2017
1167;15322 Guateque;125;60;65;0;43;49;0;0;0;0;17;16;0;0;0;0;2017
1168;15325 Guayatá;25;13;12;0;5;6;0;0;0;0;8;6;0;0;0;0;2017
1169;15332 Güicán;58;28;30;0;7;4;0;4;5;0;17;21;0;0;0;0;2017
1170;15362 Iza;22;12;10;0;7;6;0;0;0;0;5;4;0;0;0;0;2017
1171;15367 Jenesano;84;43;41;0;5;9;0;0;0;0;38;32;0;0;0;0;2017
1172;15368 Jericó;31;18;13;0;7;3;0;1;1;0;10;9;0;0;0;0;2017
1173;15377 Labranzagrande;33;15;18;0;7;11;0;0;0;0;8;7;0;0;0;0;2017
1174;15380 La Capilla;19;10;9;0;3;6;0;0;0;0;7;3;0;0;0;0;2017
1175;15401 La Victoria;6;3;3;0;1;2;0;0;0;0;2;1;0;0;0;0;2017
1176;15403 La Uvita;23;10;13;0;5;6;0;2;2;0;3;5;0;0;0;0;2017
1177;15407 Villa de Leyva;188;89;99;0;45;48;0;6;2;0;38;49;0;0;0;0;2017
1178;15425 Macanal;33;13;20;0;4;5;0;0;0;0;9;15;0;0;0;0;2017
1179;15442 Maripí;55;26;29;0;5;3;0;13;8;0;8;18;0;0;0;0;2017
1180;15455 Miraflores;84;45;39;0;24;28;0;0;0;0;21;11;0;0;0;0;2017
1181;15464 Mongua;45;23;22;0;9;7;0;4;5;0;10;10;0;0;0;0;2017
1182;15466 Monguí;43;25;18;0;11;5;0;0;0;0;14;13;0;0;0;0;2017
1183;15469 Moniquirá;248;133;115;0;74;73;0;1;0;0;58;42;0;0;0;0;2017
1184;15476 Motavita;59;26;33;0;2;2;0;2;1;0;22;30;0;0;0;0;2017
1185;15480 Muzo;102;50;52;0;35;40;0;1;2;0;14;10;0;0;0;0;2017
1186;15491 Nobsa;188;83;105;0;33;38;0;44;53;0;6;14;0;0;0;0;2017
1187;15494 Nuevo Colón;55;20;35;0;3;6;0;0;0;0;17;29;0;0;0;0;2017
1188;15500 Oicatá;35;20;15;0;1;1;0;0;0;0;19;14;0;0;0;0;2017
1189;15507 Otanche;77;32;45;0;17;24;0;2;3;0;13;18;0;0;0;0;2017
1190;15511 Pachavita;19;7;12;0;2;4;0;0;0;0;5;8;0;0;0;0;2017
1191;15514 Páez;24;10;14;0;4;8;0;0;0;0;6;6;0;0;0;0;2017
1192;15516 Paipa;402;194;208;0;111;127;0;11;9;0;72;72;0;0;0;0;2017
1193;15518 Pajarito;24;13;11;0;8;2;0;3;7;0;2;2;0;0;0;0;2017
1194;15522 Panqueba;18;12;6;0;5;4;0;0;0;0;7;2;0;0;0;0;2017
1195;15531 Pauna;72;38;34;0;11;18;0;1;1;0;26;15;0;0;0;0;2017
1196;15533 Paya;23;11;12;0;0;2;0;2;2;0;9;8;0;0;0;0;2017
1197;15537 Paz de Río;28;10;18;0;6;14;0;1;0;0;3;4;0;0;0;0;2017
1198;15542 Pesca;74;39;35;0;10;7;0;5;9;0;24;19;0;0;0;0;2017
1199;15550 Pisba;24;12;12;0;3;3;0;0;0;0;9;9;0;0;0;0;2017
1200;15572 Puerto Boyacá;760;391;369;0;253;247;0;69;63;0;69;59;0;0;0;0;2017
1201;15580 Quípama;40;23;17;0;8;10;0;2;1;0;13;6;0;0;0;0;2017
1202;15599 Ramiriquí;110;58;52;0;16;20;0;2;2;0;40;30;0;0;0;0;2017
1203;15600 Ráquira;72;42;30;0;18;12;0;3;2;0;21;16;0;0;0;0;2017
1204;15621 Rondón;15;7;8;0;0;0;0;1;0;0;6;8;0;0;0;0;2017
1205;15632 Saboyá;166;80;86;0;8;7;0;28;38;0;44;41;0;0;0;0;2017
1206;15638 Sáchica;62;37;25;0;12;6;0;0;0;0;25;19;0;0;0;0;2017
1207;15646 Samacá;299;145;154;0;43;48;0;7;3;0;95;103;0;0;0;0;2017
1208;15660 San Eduardo;8;5;3;0;3;2;0;0;0;0;2;1;0;0;0;0;2017
1209;15664 San José de Pare;35;21;14;0;5;1;0;0;0;0;16;13;0;0;0;0;2017
1210;15667 San Luis de Gaceno;45;23;22;0;8;14;0;1;1;0;14;7;0;0;0;0;2017
1211;15673 San Mateo;34;19;15;0;9;6;0;0;0;0;10;9;0;0;0;0;2017
1212;15676 San Miguel de Sema;33;19;14;0;3;1;0;0;0;0;16;13;0;0;0;0;2017
1213;15681 San Pablo de Borbur;55;28;27;0;6;3;0;12;11;0;10;13;0;0;0;0;2017
1214;15686 Santana;91;38;53;0;9;8;0;0;1;0;29;44;0;0;0;0;2017
1215;15690 Santa María;24;13;11;0;10;4;0;0;1;0;3;6;0;0;0;0;2017
1216;15693 Santa Rosa de Viterbo;97;41;56;0;32;33;0;0;0;0;9;23;0;0;0;0;2017
1217;15696 Santa Sofía;41;20;21;0;4;10;0;0;0;0;16;11;0;0;0;0;2017
1218;15720 Sativanorte;12;9;3;0;6;1;0;0;0;0;3;2;0;0;0;0;2017
1219;15723 Sativasur;5;2;3;0;1;1;0;0;0;0;1;2;0;0;0;0;2017
1220;15740 Siachoque;105;62;43;0;6;1;0;0;0;0;56;42;0;0;0;0;2017
1221;15753 Soatá;106;58;48;0;43;41;0;0;0;0;15;7;0;0;0;0;2017
1222;15755 Socotá;64;39;25;0;8;4;0;1;1;0;30;20;0;0;0;0;2017
1223;15757 Socha;91;46;45;0;31;28;0;0;0;0;15;17;0;0;0;0;2017
1224;15759 Sogamoso;1668;840;828;0;733;734;0;35;30;0;72;64;0;0;0;0;2017
1225;15761 Somondoco;11;4;7;0;2;2;0;0;0;0;2;5;0;0;0;0;2017
1226;15762 Sora;40;19;21;0;1;3;0;0;0;0;18;18;0;0;0;0;2017
1227;15763 Sotaquirá;75;37;38;0;3;2;0;4;1;0;30;35;0;0;0;0;2017
1228;15764 Soracá;106;53;53;0;8;10;0;0;0;0;45;43;0;0;0;0;2017
1229;15774 Susacón;18;7;11;0;1;0;0;0;0;0;6;11;0;0;0;0;2017
1230;15776 Sutamarchán;62;27;35;0;7;14;0;0;0;0;20;21;0;0;0;0;2017
1231;15778 Sutatenza;27;14;13;0;4;1;0;0;0;0;10;12;0;0;0;0;2017
1232;15790 Tasco;64;35;29;0;7;3;0;4;1;0;24;25;0;0;0;0;2017
1233;15798 Tenza;15;8;7;0;2;4;0;0;0;0;6;3;0;0;0;0;2017
1234;15804 Tibaná;81;37;44;0;5;11;0;0;0;0;32;33;0;0;0;0;2017
1235;15806 Tibasosa;137;66;71;0;23;28;0;3;4;0;40;39;0;0;0;0;2017
1236;15808 Tinjacá;22;13;9;0;3;2;0;0;0;0;10;7;0;0;0;0;2017
1237;15810 Tipacoque;31;16;15;0;4;5;0;5;4;0;7;6;0;0;0;0;2017
1238;15814 Toca;151;81;70;0;26;28;0;0;0;0;55;42;0;0;0;0;2017
1239;15816 Togüí;48;26;22;0;2;4;0;0;1;0;24;17;0;0;0;0;2017
1240;15820 Tópaga;54;27;27;0;6;7;0;9;6;0;12;14;0;0;0;0;2017
1241;15822 Tota;82;39;43;0;3;6;0;4;7;0;32;30;0;0;0;0;2017
1242;15832 Tununguá;26;18;8;0;2;0;0;0;0;0;16;8;0;0;0;0;2017
1243;15835 Turmequé;68;35;33;0;13;7;0;0;0;0;22;26;0;0;0;0;2017
1244;15837 Tuta;94;48;46;0;15;10;0;1;1;0;32;35;0;0;0;0;2017
1245;15839 Tutazá;21;12;9;0;0;1;0;1;1;0;11;7;0;0;0;0;2017
1246;15842 Umbita;68;35;33;0;3;5;0;0;0;0;32;28;0;0;0;0;2017
1247;15861 Ventaquemada;195;105;90;0;5;14;0;13;16;0;87;60;0;0;0;0;2017
1248;15879 Viracachá;25;13;12;0;2;1;0;0;0;0;11;11;0;0;0;0;2017
1249;15897 Zetaquira;46;21;25;0;3;4;0;0;0;0;18;21;0;0;0;0;2017
1250;15999 Sin Información;0;0;0;0;0;0;0;0;0;0;0;0;0;0;0;0;2017
1251;Total;13801;7037;6764;0;4297;4156;0;440;421;0;2300;2187;0;0;0;0;2018
1252;15001 Tunja;2376;1204;1172;0;1122;1113;0;0;0;0;82;59;0;0;0;0;2018
1253;15022 Almeida;16;7;9;0;3;3;0;0;0;0;4;6;0;0;0;0;2018
1254;15047 Aquitania;206;100;106;0;22;31;0;43;44;0;35;31;0;0;0;0;2018
1255;15051 Arcabuco;57;36;21;0;13;9;0;0;0;0;23;12;0;0;0;0;2018
1256;15087 Belén;81;41;40;0;20;25;0;0;0;0;21;15;0;0;0;0;2018
1257;15090 Berbeo;13;3;10;0;1;2;0;0;0;0;2;8;0;0;0;0;2018
1258;15092 Betéitiva;11;5;6;0;0;0;0;3;3;0;2;3;0;0;0;0;2018
1259;15097 Boavita;49;21;28;0;9;12;0;2;3;0;10;13;0;0;0;0;2018
1260;15104 Boyacá;89;40;49;0;14;18;0;0;0;0;26;31;0;0;0;0;2018
1261;15106 Briceño;21;9;12;0;3;6;0;0;0;0;6;6;0;0;0;0;2018
1262;15109 Buenavista;39;19;20;0;1;4;0;0;0;0;18;16;0;0;0;0;2018
1263;15114 Busbanzá;8;5;3;0;2;1;0;0;0;0;3;2;0;0;0;0;2018
1264;15131 Caldas;20;7;13;0;2;2;0;4;3;0;1;8;0;0;0;0;2018
1265;15135 Campohermoso;29;15;14;0;1;4;0;1;0;0;13;10;0;0;0;0;2018
1266;15162 Cerinza;24;12;12;0;5;5;0;0;0;0;7;7;0;0;0;0;2018
1267;15172 Chinavita;35;14;21;0;6;6;0;0;0;0;8;15;0;0;0;0;2018
1268;15176 Chiquinquirá;697;365;332;0;331;293;0;5;4;0;29;35;0;0;0;0;2018
1269;15180 Chiscas;22;16;6;0;6;1;0;0;0;0;10;5;0;0;0;0;2018
1270;15183 Chita;100;55;45;0;11;15;0;22;11;0;22;19;0;0;0;0;2018
1271;15185 Chitaraque;70;42;28;0;10;5;0;0;0;0;32;23;0;0;0;0;2018
1272;15187 Chivatá;27;11;16;0;2;5;0;0;0;0;9;11;0;0;0;0;2018
1273;15189 Ciénega;44;20;24;0;5;6;0;0;0;0;15;18;0;0;0;0;2018
1274;15204 Cómbita;81;42;39;0;7;3;0;18;12;0;17;24;0;0;0;0;2018
1275;15212 Coper;23;13;10;0;4;4;0;2;2;0;7;4;0;0;0;0;2018
1276;15215 Corrales;29;15;14;0;7;7;0;0;0;0;8;7;0;0;0;0;2018
1277;15218 Covarachía;25;12;13;0;4;4;0;1;4;0;7;5;0;0;0;0;2018
1278;15223 Cubará;139;70;69;0;24;19;0;23;14;0;23;36;0;0;0;0;2018
1279;15224 Cucaita;51;18;33;0;5;5;0;0;0;0;13;28;0;0;0;0;2018
1280;15226 Cuítiva;16;7;9;0;1;2;0;3;3;0;3;4;0;0;0;0;2018
1281;15232 Chíquiza;42;19;23;0;0;0;0;10;14;0;9;9;0;0;0;0;2018
1282;15236 Chivor;13;5;8;0;0;2;0;0;0;0;5;6;0;0;0;0;2018
1283;15238 Duitama;1453;737;716;0;647;616;0;16;20;0;74;80;0;0;0;0;2018
1284;15244 El Cocuy;42;20;22;0;10;7;0;0;0;0;10;15;0;0;0;0;2018
1285;15248 El Espino;27;14;13;0;4;5;0;2;2;0;8;6;0;0;0;0;2018
1286;15272 Firavitoba;60;34;26;0;16;9;0;0;0;0;18;17;0;0;0;0;2018
1287;15276 Floresta;23;12;11;0;4;6;0;0;1;0;8;4;0;0;0;0;2018
1288;15293 Gachantivá;38;22;16;0;4;3;0;0;0;0;18;13;0;0;0;0;2018
1289;15296 Gámeza;54;28;26;0;7;7;0;0;0;0;21;19;0;0;0;0;2018
1290;15299 Garagoa;160;82;78;0;62;68;0;0;0;0;20;10;0;0;0;0;2018
1291;15317 Guacamayas;13;8;5;0;3;2;0;0;2;0;5;1;0;0;0;0;2018
1292;15322 Guateque;83;41;42;0;30;29;0;0;0;0;11;13;0;0;0;0;2018
1293;15325 Guayatá;17;8;9;0;4;0;0;0;0;0;4;9;0;0;0;0;2018
1294;15332 Güicán;69;31;38;0;11;13;0;3;4;0;17;21;0;0;0;0;2018
1295;15362 Iza;18;9;9;0;2;6;0;0;0;0;7;3;0;0;0;0;2018
1296;15367 Jenesano;60;28;32;0;2;6;0;2;1;0;24;25;0;0;0;0;2018
1297;15368 Jericó;35;14;21;0;3;5;0;0;0;0;11;16;0;0;0;0;2018
1298;15377 Labranzagrande;23;11;12;0;3;3;0;0;0;0;8;9;0;0;0;0;2018
1299;15380 La Capilla;15;3;12;0;1;4;0;0;0;0;2;8;0;0;0;0;2018
1300;15401 La Victoria;7;7;0;0;1;0;0;0;0;0;6;0;0;0;0;0;2018
1301;15403 La Uvita;18;12;6;0;3;1;0;0;1;0;9;4;0;0;0;0;2018
1302;15407 Villa de Leyva;170;80;90;0;41;52;0;3;4;0;36;34;0;0;0;0;2018
1303;15425 Macanal;34;19;15;0;3;7;0;2;0;0;14;8;0;0;0;0;2018
1304;15442 Maripí;54;33;21;0;4;3;0;4;8;0;25;10;0;0;0;0;2018
1305;15455 Miraflores;90;48;42;0;30;30;0;0;0;0;18;12;0;0;0;0;2018
1306;15464 Mongua;57;32;25;0;16;13;0;3;3;0;13;9;0;0;0;0;2018
1307;15466 Monguí;52;29;23;0;14;12;0;0;0;0;15;11;0;0;0;0;2018
1308;15469 Moniquirá;254;132;122;0;61;69;0;0;1;0;71;52;0;0;0;0;2018
1309;15476 Motavita;51;27;24;0;5;4;0;1;1;0;21;19;0;0;0;0;2018
1310;15480 Muzo;78;38;40;0;23;24;0;1;4;0;14;12;0;0;0;0;2018
1311;15491 Nobsa;158;82;76;0;24;26;0;51;43;0;7;7;0;0;0;0;2018
1312;15494 Nuevo Colón;45;25;20;0;4;4;0;0;0;0;21;16;0;0;0;0;2018
1313;15500 Oicatá;25;11;14;0;2;0;0;0;0;0;9;14;0;0;0;0;2018
1314;15507 Otanche;70;33;37;0;12;21;0;4;2;0;17;14;0;0;0;0;2018
1315;15511 Pachavita;12;7;5;0;4;3;0;0;0;0;3;2;0;0;0;0;2018
1316;15514 Páez;25;12;13;0;5;6;0;1;0;0;6;7;0;0;0;0;2018
1317;15516 Paipa;328;174;154;0;106;96;0;13;12;0;55;46;0;0;0;0;2018
1318;15518 Pajarito;19;6;13;0;2;6;0;2;6;0;2;1;0;0;0;0;2018
1319;15522 Panqueba;21;11;10;0;6;6;0;0;0;0;5;4;0;0;0;0;2018
1320;15531 Pauna;42;17;25;0;7;8;0;0;1;0;10;16;0;0;0;0;2018
1321;15533 Paya;19;8;11;0;2;2;0;2;2;0;4;7;0;0;0;0;2018
1322;15537 Paz de Río;30;9;21;0;7;15;0;0;1;0;2;5;0;0;0;0;2018
1323;15542 Pesca;80;39;41;0;10;10;0;6;5;0;23;26;0;0;0;0;2018
1324;15550 Pisba;25;8;17;0;3;5;0;0;1;0;5;11;0;0;0;0;2018
1325;15572 Puerto Boyacá;728;389;339;0;254;235;0;45;36;0;90;68;0;0;0;0;2018
1326;15580 Quípama;31;21;10;0;8;6;0;0;2;0;13;2;0;0;0;0;2018
1327;15599 Ramiriquí;123;54;69;0;22;29;0;0;3;0;32;37;0;0;0;0;2018
1328;15600 Ráquira;65;34;31;0;13;14;0;4;4;0;17;13;0;0;0;0;2018
1329;15621 Rondón;22;14;8;0;2;0;0;1;0;0;11;8;0;0;0;0;2018
1330;15632 Saboyá;148;72;76;0;2;9;0;25;25;0;45;42;0;0;0;0;2018
1331;15638 Sáchica;62;31;31;0;10;10;0;0;0;0;21;21;0;0;0;0;2018
1332;15646 Samacá;327;177;150;0;62;46;0;14;9;0;101;95;0;0;0;0;2018
1333;15660 San Eduardo;14;4;10;0;3;7;0;0;0;0;1;3;0;0;0;0;2018
1334;15664 San José de Pare;30;18;12;0;3;2;0;0;0;0;15;10;0;0;0;0;2018
1335;15667 San Luis de Gaceno;37;19;18;0;10;7;0;1;0;0;8;11;0;0;0;0;2018
1336;15673 San Mateo;24;9;15;0;3;6;0;0;0;0;6;9;0;0;0;0;2018
1337;15676 San Miguel de Sema;29;17;12;0;5;2;0;0;0;0;12;10;0;0;0;0;2018
1338;15681 San Pablo de Borbur;49;21;28;0;2;2;0;13;14;0;6;12;0;0;0;0;2018
1339;15686 Santana;86;48;38;0;17;9;0;0;0;0;31;29;0;0;0;0;2018
1340;15690 Santa María;17;8;9;0;5;6;0;0;1;0;3;2;0;0;0;0;2018
1341;15693 Santa Rosa de Viterbo;89;44;45;0;29;30;0;0;0;0;15;15;0;0;0;0;2018
1342;15696 Santa Sofía;37;15;22;0;5;12;0;0;0;0;10;10;0;0;0;0;2018
1343;15720 Sativanorte;11;7;4;0;2;1;0;1;1;0;4;2;0;0;0;0;2018
1344;15723 Sativasur;5;1;4;0;0;1;0;0;0;0;1;3;0;0;0;0;2018
1345;15740 Siachoque;96;48;48;0;6;8;0;0;0;0;42;40;0;0;0;0;2018
1346;15753 Soatá;88;44;44;0;37;31;0;0;0;0;7;13;0;0;0;0;2018
1347;15755 Socotá;80;36;44;0;8;7;0;1;2;0;27;35;0;0;0;0;2018
1348;15757 Socha;95;53;42;0;30;21;0;1;0;0;22;21;0;0;0;0;2018
1349;15759 Sogamoso;1634;829;805;0;728;685;0;36;41;0;65;79;0;0;0;0;2018
1350;15761 Somondoco;12;4;8;0;1;1;0;0;0;0;3;7;0;0;0;0;2018
1351;15762 Sora;20;11;9;0;2;4;0;0;0;0;9;5;0;0;0;0;2018
1352;15763 Sotaquirá;94;48;46;0;8;6;0;2;3;0;38;37;0;0;0;0;2018
1353;15764 Soracá;80;47;33;0;17;9;0;0;0;0;30;24;0;0;0;0;2018
1354;15774 Susacón;16;7;9;0;2;1;0;0;0;0;5;8;0;0;0;0;2018
1355;15776 Sutamarchán;79;35;44;0;10;18;0;0;0;0;25;26;0;0;0;0;2018
1356;15778 Sutatenza;32;22;10;0;5;2;0;0;0;0;17;8;0;0;0;0;2018
1357;15790 Tasco;71;34;37;0;6;5;0;3;3;0;25;29;0;0;0;0;2018
1358;15798 Tenza;30;13;17;0;5;5;0;0;0;0;8;12;0;0;0;0;2018
1359;15804 Tibaná;78;41;37;0;6;7;0;0;0;0;35;30;0;0;0;0;2018
1360;15806 Tibasosa;108;56;52;0;19;12;0;1;5;0;36;35;0;0;0;0;2018
1361;15808 Tinjacá;29;15;14;0;3;2;0;0;0;0;12;12;0;0;0;0;2018
1362;15810 Tipacoque;38;22;16;0;6;10;0;7;1;0;9;5;0;0;0;0;2018
1363;15814 Toca;136;84;52;0;27;18;0;1;0;0;56;34;0;0;0;0;2018
1364;15816 Togüí;57;32;25;0;3;1;0;0;3;0;29;21;0;0;0;0;2018
1365;15820 Tópaga;45;20;25;0;2;3;0;4;7;0;14;15;0;0;0;0;2018
1366;15822 Tota;59;29;30;0;6;1;0;8;6;0;15;23;0;0;0;0;2018
1367;15832 Tununguá;16;12;4;0;3;3;0;0;0;0;9;1;0;0;0;0;2018
1368;15835 Turmequé;45;23;22;0;14;7;0;0;0;0;9;15;0;0;0;0;2018
1369;15837 Tuta;88;45;43;0;11;10;0;2;1;0;32;32;0;0;0;0;2018
1370;15839 Tutazá;17;6;11;0;0;0;0;1;2;0;5;9;0;0;0;0;2018
1371;15842 Umbita;69;40;29;0;8;3;0;0;0;0;32;26;0;0;0;0;2018
1372;15861 Ventaquemada;181;96;85;0;12;10;0;15;9;0;69;66;0;0;0;0;2018
1373;15879 Viracachá;18;7;11;0;0;3;0;0;0;0;7;8;0;0;0;0;2018
1374;15897 Zetaquira;49;26;23;0;6;5;0;1;1;0;19;17;0;0;0;0;2018
1375;15999 Sin Información;0;0;0;0;0;0;0;0;0;0;0;0;0;0;0;0;2018
